序號,引擎,股票,進場日,進場價,出場日,出場價,週數,毛利%,淨利%,PnL(元),出場方式
1,MAIN,3443,2022-12-09,$794.00,2022-12-23,$738.42,2,-8.56%,-7.44%,"-6,154",STOP LOSS
2,MAIN,6472,2022-12-09,$394.50,2023-02-03,$411.50,8,+4.31%,+3.87%,"+3,208",HOLD PERIOD
3,BACKUP,1795,2022-12-16,$234.50,2023-02-03,$249.00,7,+6.18%,+5.74%,"+4,772",HOLD PERIOD
4,BACKUP,4763,2022-12-16,$176.50,2023-02-03,$260.50,7,+47.59%,+47.15%,"+39,252",HOLD PERIOD
5,BACKUP,2731,2022-12-23,$102.50,2023-02-03,$107.50,6,+4.88%,+4.44%,"+3,692",HOLD PERIOD
6,BACKUP,6515,2022-12-23,$404.00,2023-02-03,$459.00,6,+13.61%,+13.17%,"+10,924",HOLD PERIOD
7,BACKUP,2482,2023-02-17,$51.00,2023-03-03,$47.43,2,-7.65%,-7.44%,"-6,200",STOP LOSS
8,BACKUP,2230,2023-02-03,$52.50,2023-03-17,$78.90,6,+50.29%,+49.84%,"+41,535",HOLD PERIOD
9,BACKUP,5284,2023-02-03,$80.70,2023-03-17,$95.90,6,+18.84%,+18.39%,"+15,325",HOLD PERIOD
10,BACKUP,3558,2023-02-10,$254.50,2023-03-24,$357.00,6,+40.28%,+39.83%,"+33,095",HOLD PERIOD
11,BACKUP,3675,2023-02-10,$248.50,2023-03-24,$304.00,6,+22.33%,+21.89%,"+18,196",HOLD PERIOD
12,BACKUP,4919,2023-02-17,$144.50,2023-03-31,$149.50,6,+3.46%,+3.02%,"+2,511",HOLD PERIOD
13,MAIN,6472,2023-03-03,$521.00,2023-04-14,$773.00,6,+48.37%,+47.93%,"+39,758",HOLD PERIOD
14,BACKUP,2388,2023-03-17,$89.80,2023-04-14,$83.51,4,-8.46%,-7.44%,"-6,198",STOP LOSS
15,MAIN,3680,2023-03-31,$374.00,2023-04-21,$347.82,3,-9.36%,-7.44%,"-6,188",STOP LOSS
16,BACKUP,8478,2023-03-31,$515.00,2023-04-21,$478.95,3,-15.15%,-7.44%,"-6,180",STOP LOSS
17,MAIN,4763,2023-04-14,$471.00,2023-04-21,$438.03,1,-7.64%,-7.44%,"-6,178",STOP LOSS
18,BACKUP,3693,2023-04-21,$196.50,2023-04-28,$182.75,1,-9.16%,-7.44%,"-6,195",STOP LOSS
19,MAIN,6719,2023-03-24,$328.50,2023-05-05,$308.50,6,-6.09%,-6.53%,"-5,435",HOLD PERIOD
20,BACKUP,1752,2023-04-21,$75.60,2023-05-12,$70.31,3,-8.73%,-7.44%,"-6,198",STOP LOSS
21,BACKUP,2368,2023-04-07,$95.30,2023-05-19,$113.50,6,+19.10%,+18.66%,"+15,543",HOLD PERIOD
22,BACKUP,2731,2023-04-14,$179.00,2023-05-26,$181.50,6,+1.40%,+0.95%,+794,HOLD PERIOD
23,BACKUP,4763,2023-04-28,$470.50,2023-06-02,$506.00,5,+7.55%,+7.10%,"+5,890",TRAILING STOP
24,BACKUP,3693,2023-04-28,$178.50,2023-06-09,$248.00,6,+38.94%,+38.49%,"+32,065",HOLD PERIOD
25,MAIN,1795,2023-05-19,$343.50,2023-06-09,$319.45,3,-7.13%,-7.44%,"-6,196",STOP LOSS
26,BACKUP,8155,2023-05-05,$148.00,2023-06-16,$139.00,6,-6.08%,-6.52%,"-5,434",HOLD PERIOD
27,BACKUP,3037,2023-05-19,$170.00,2023-06-30,$176.00,6,+3.53%,+3.09%,"+2,570",HOLD PERIOD
28,BACKUP,1519,2023-05-26,$135.50,2023-06-30,$147.50,5,+8.86%,+8.41%,"+7,010",TRAILING STOP
29,BACKUP,2376,2023-06-02,$203.00,2023-07-14,$296.00,6,+45.81%,+45.37%,"+37,723",HOLD PERIOD
30,BACKUP,2743,2023-06-09,$162.50,2023-07-14,$151.12,5,-21.23%,-7.44%,"-6,201",STOP LOSS
31,BACKUP,2748,2023-06-30,$92.20,2023-07-14,$85.75,2,-10.74%,-7.44%,"-6,198",STOP LOSS
32,BACKUP,3178,2023-06-09,$95.80,2023-07-21,$90.70,6,-5.32%,-5.77%,"-4,802",HOLD PERIOD
33,BACKUP,4747,2023-06-16,$88.70,2023-07-28,$104.50,6,+17.81%,+17.37%,"+14,473",HOLD PERIOD
34,BACKUP,3035,2023-07-14,$295.00,2023-07-28,$319.50,2,+8.31%,+7.86%,"+6,550",TRAILING STOP
35,BACKUP,2059,2023-06-30,$663.00,2023-08-04,$817.00,5,+23.23%,+22.79%,"+18,910",TRAILING STOP
36,MAIN,3035,2023-07-28,$319.50,2023-08-04,$297.13,1,-11.89%,-7.44%,"-6,191",STOP LOSS
37,BACKUP,1560,2023-07-28,$141.50,2023-08-04,$131.59,1,-7.07%,-7.44%,"-6,201",STOP LOSS
38,BACKUP,4551,2023-07-14,$144.00,2023-08-11,$133.92,4,-7.29%,-7.44%,"-6,193",STOP LOSS
39,MAIN,4763,2023-07-21,$841.00,2023-08-11,$782.13,3,-8.20%,-7.44%,"-6,143",STOP LOSS
40,BACKUP,1519,2023-07-21,$216.00,2023-09-01,$292.50,6,+35.42%,+34.97%,"+29,126",HOLD PERIOD
41,BACKUP,6829,2023-09-01,$154.00,2023-09-08,$143.22,1,-9.09%,-7.44%,"-6,198",STOP LOSS
42,BACKUP,1560,2023-08-04,$131.50,2023-09-15,$143.00,6,+8.75%,+8.30%,"+6,910",HOLD PERIOD
43,BACKUP,2388,2023-08-04,$109.50,2023-09-15,$120.00,6,+9.59%,+9.15%,"+7,613",HOLD PERIOD
44,BACKUP,4572,2023-08-11,$188.50,2023-09-15,$175.30,5,-11.14%,-7.44%,"-6,196",STOP LOSS
45,BACKUP,2645,2023-09-01,$129.50,2023-09-15,$120.44,2,-12.74%,-7.44%,"-6,196",STOP LOSS
46,BACKUP,6829,2023-09-08,$140.00,2023-09-15,$130.20,1,-12.50%,-7.44%,"-6,198",STOP LOSS
47,BACKUP,6829,2023-09-15,$122.50,2023-09-22,$113.92,1,-8.57%,-7.44%,"-6,199",STOP LOSS
48,MAIN,8016,2023-09-15,$302.50,2023-09-28,$281.32,1,-7.93%,-7.44%,"-6,200",STOP LOSS
49,BACKUP,5321,2023-09-28,$123.00,2023-10-06,$114.39,1,-15.45%,-7.44%,"-6,197",STOP LOSS
50,BACKUP,5321,2023-10-06,$104.00,2023-10-13,$96.72,1,-13.46%,-7.44%,"-6,201",STOP LOSS
51,BACKUP,2368,2023-09-08,$208.50,2023-10-20,$193.91,6,-7.67%,-7.44%,"-6,200",STOP LOSS
52,MAIN,3592,2023-09-22,$368.00,2023-11-03,$373.50,6,+1.49%,+1.05%,+876,HOLD PERIOD
53,BACKUP,3217,2023-09-22,$129.00,2023-11-03,$129.50,6,+0.39%,-0.05%,-46,HOLD PERIOD
54,MAIN,2059,2023-10-20,$797.00,2023-11-03,$741.21,2,-9.79%,-7.44%,"-6,178",STOP LOSS
55,BACKUP,4961,2023-10-13,$269.00,2023-11-10,$250.17,4,-8.18%,-7.44%,"-6,195",STOP LOSS
56,BACKUP,6531,2023-10-06,$379.00,2023-11-17,$456.00,6,+20.32%,+19.87%,"+16,519",HOLD PERIOD
57,BACKUP,1560,2023-10-20,$167.00,2023-12-01,$187.00,6,+11.98%,+11.53%,"+9,606",HOLD PERIOD
58,BACKUP,5439,2023-11-03,$120.50,2023-12-15,$122.50,6,+1.66%,+1.22%,"+1,014",TRAILING STOP
59,BACKUP,8227,2023-11-03,$202.00,2023-12-15,$271.00,6,+34.16%,+33.72%,"+28,032",HOLD PERIOD
60,BACKUP,4967,2023-11-10,$87.10,2023-12-22,$87.00,6,-0.11%,-0.56%,-464,HOLD PERIOD
61,BACKUP,1519,2023-12-15,$347.50,2023-12-22,$323.17,1,-7.63%,-7.44%,"-6,190",STOP LOSS
62,MAIN,3661,2023-11-17,$3230.00,2023-12-29,$3275.00,6,+1.39%,+0.95%,+769,HOLD PERIOD
63,BACKUP,3217,2023-11-17,$153.00,2023-12-29,$171.50,6,+12.09%,+11.65%,"+9,692",HOLD PERIOD
64,MAIN,3324,2023-12-01,$356.50,2024-01-05,$331.55,5,-9.40%,-7.44%,"-6,191",STOP LOSS
65,BACKUP,3675,2023-12-29,$268.50,2024-01-19,$249.71,3,-7.82%,-7.44%,"-6,184",STOP LOSS
66,BACKUP,3362,2023-12-15,$169.50,2024-01-26,$180.00,6,+6.19%,+5.75%,"+4,784",HOLD PERIOD
67,MAIN,1519,2023-12-22,$321.00,2024-02-02,$488.50,6,+52.18%,+51.74%,"+43,076",HOLD PERIOD
68,BACKUP,3265,2023-12-22,$92.60,2024-02-02,$120.50,6,+30.13%,+29.69%,"+24,721",HOLD PERIOD
69,BACKUP,6546,2023-12-29,$120.00,2024-02-16,$149.00,7,+24.17%,+23.72%,"+19,757",HOLD PERIOD
70,MAIN,6515,2024-01-05,$789.00,2024-02-16,$815.00,6,+3.30%,+2.85%,"+2,367",HOLD PERIOD
71,BACKUP,3035,2024-01-26,$422.00,2024-02-23,$392.46,4,-8.53%,-7.44%,"-6,196",STOP LOSS
72,MAIN,2376,2024-02-16,$381.00,2024-02-23,$354.33,1,-10.10%,-7.44%,"-6,190",STOP LOSS
73,MAIN,3017,2024-01-19,$346.00,2024-03-01,$539.00,6,+55.78%,+55.34%,"+46,018",HOLD PERIOD
74,MAIN,6462,2024-03-01,$334.00,2024-03-08,$310.62,1,-19.31%,-7.44%,"-6,198",STOP LOSS
75,BACKUP,1319,2024-02-02,$83.00,2024-03-15,$115.50,6,+39.16%,+38.71%,"+32,243",HOLD PERIOD
76,BACKUP,3265,2024-02-02,$120.50,2024-03-15,$125.00,6,+3.73%,+3.29%,"+2,741",HOLD PERIOD
77,MAIN,2376,2024-02-23,$342.50,2024-03-15,$318.52,3,-8.61%,-7.44%,"-6,178",STOP LOSS
78,MAIN,3680,2024-02-16,$433.00,2024-03-29,$434.00,6,+0.23%,-0.21%,-176,HOLD PERIOD
79,BACKUP,6274,2024-02-23,$165.50,2024-04-12,$188.00,7,+13.60%,+13.15%,"+10,943",HOLD PERIOD
80,MAIN,3406,2024-03-08,$400.00,2024-04-19,$424.00,6,+6.00%,+5.56%,"+4,630",TRAILING STOP
81,BACKUP,5284,2024-03-15,$193.00,2024-04-19,$179.49,5,-13.47%,-7.44%,"-6,200",STOP LOSS
82,BACKUP,3083,2024-03-29,$51.90,2024-04-19,$48.27,3,-7.80%,-7.44%,"-6,201",STOP LOSS
83,MAIN,1795,2024-04-12,$342.00,2024-04-19,$318.06,1,-8.92%,-7.44%,"-6,194",STOP LOSS
84,BACKUP,3013,2024-03-22,$56.20,2024-05-03,$74.10,6,+31.85%,+31.41%,"+26,161",HOLD PERIOD
85,BACKUP,4915,2024-03-22,$84.50,2024-05-03,$96.40,6,+14.08%,+13.64%,"+11,358",HOLD PERIOD
86,MAIN,1795,2024-04-19,$311.50,2024-05-10,$289.69,3,-7.70%,-7.44%,"-6,199",STOP LOSS
87,MAIN,2404,2024-04-26,$408.00,2024-05-10,$379.44,2,-8.09%,-7.44%,"-6,173",STOP LOSS
88,BACKUP,2739,2024-05-10,$69.40,2024-05-24,$64.54,2,-13.54%,-7.44%,"-6,202",STOP LOSS
89,BACKUP,1736,2024-05-17,$94.00,2024-05-24,$87.42,1,-7.13%,-7.44%,"-6,200",STOP LOSS
90,BACKUP,6472,2024-04-19,$706.00,2024-05-31,$764.00,6,+8.22%,+7.77%,"+6,430",HOLD PERIOD
91,BACKUP,3675,2024-04-26,$301.00,2024-06-07,$347.50,6,+15.45%,+15.01%,"+12,484",HOLD PERIOD
92,BACKUP,3466,2024-05-10,$57.90,2024-06-21,$87.10,6,+50.43%,+49.99%,"+41,651",TRAILING STOP
93,MAIN,3413,2024-05-17,$307.00,2024-06-28,$308.50,6,+0.49%,+0.05%,+38,HOLD PERIOD
94,MAIN,8996,2024-05-24,$495.00,2024-07-05,$490.00,6,-1.01%,-1.45%,"-1,210",HOLD PERIOD
95,BACKUP,1736,2024-05-24,$87.30,2024-07-05,$88.90,6,+1.83%,+1.39%,"+1,158",HOLD PERIOD
96,BACKUP,3044,2024-05-31,$212.00,2024-07-12,$208.00,6,-1.89%,-2.33%,"-1,938",HOLD PERIOD
97,BACKUP,1560,2024-06-07,$282.50,2024-07-19,$328.00,6,+16.11%,+15.66%,"+13,028",HOLD PERIOD
98,BACKUP,1519,2024-07-05,$936.00,2024-07-26,$870.48,3,-17.20%,-7.44%,"-6,139",STOP LOSS
99,BACKUP,6451,2024-07-05,$254.50,2024-07-26,$236.69,3,-11.20%,-7.44%,"-6,184",STOP LOSS
100,MAIN,5904,2024-06-21,$500.00,2024-08-02,$507.00,6,+1.40%,+0.96%,+796,HOLD PERIOD
101,BACKUP,3013,2024-07-19,$120.50,2024-08-02,$112.06,2,-15.77%,-7.44%,"-6,197",STOP LOSS
102,BACKUP,3163,2024-06-28,$137.00,2024-08-09,$136.50,6,-0.36%,-0.81%,-672,TRAILING STOP
103,BACKUP,8147,2024-07-26,$137.50,2024-08-09,$127.88,2,-18.91%,-7.44%,"-6,200",STOP LOSS
104,BACKUP,2739,2024-08-02,$68.50,2024-08-09,$63.70,1,-12.41%,-7.44%,"-6,198",STOP LOSS
105,BACKUP,3583,2024-07-12,$411.50,2024-08-23,$468.50,6,+13.85%,+13.41%,"+11,162",HOLD PERIOD
106,BACKUP,5225,2024-07-26,$123.50,2024-09-06,$146.50,6,+18.62%,+18.18%,"+15,133",HOLD PERIOD
107,BACKUP,6805,2024-08-23,$830.00,2024-09-06,$771.90,2,-17.71%,-7.44%,"-6,186",STOP LOSS
108,BACKUP,2739,2024-08-09,$60.00,2024-09-20,$55.80,6,-7.67%,-7.44%,"-6,198",STOP LOSS
109,BACKUP,4542,2024-09-13,$82.50,2024-09-27,$86.50,2,+4.85%,+4.41%,"+3,669",TRAILING STOP
110,BACKUP,6546,2024-09-20,$216.00,2024-10-18,$200.88,4,-29.17%,-7.44%,"-6,198",STOP LOSS
111,MAIN,6187,2024-10-04,$494.50,2024-10-18,$459.88,2,-9.00%,-7.44%,"-6,192",STOP LOSS
112,BACKUP,3167,2024-10-11,$158.50,2024-10-18,$147.41,1,-10.73%,-7.44%,"-6,202",STOP LOSS
113,BACKUP,3081,2024-09-13,$209.00,2024-10-25,$360.00,6,+72.25%,+71.81%,"+59,815",HOLD PERIOD
114,BACKUP,5234,2024-09-20,$238.00,2024-11-01,$226.50,6,-4.83%,-5.27%,"-4,387",HOLD PERIOD
115,BACKUP,3013,2024-10-04,$126.50,2024-11-15,$154.00,6,+21.74%,+21.30%,"+17,725",HOLD PERIOD
116,MAIN,3583,2024-10-18,$480.50,2024-11-15,$446.87,4,-9.26%,-7.44%,"-6,196",STOP LOSS
117,BACKUP,6805,2024-10-25,$859.00,2024-11-15,$798.87,3,-8.61%,-7.44%,"-6,146",STOP LOSS
118,BACKUP,2354,2024-11-08,$97.30,2024-11-22,$90.49,2,-15.52%,-7.44%,"-6,200",STOP LOSS
119,BACKUP,3447,2024-11-15,$90.00,2024-11-22,$83.70,1,-11.33%,-7.44%,"-6,198",STOP LOSS
120,BACKUP,6510,2024-10-25,$537.00,2024-12-06,$909.00,6,+69.27%,+68.83%,"+57,003",HOLD PERIOD
121,BACKUP,3712,2024-12-06,$68.00,2024-12-13,$63.24,1,-8.82%,-7.44%,"-6,198",STOP LOSS
122,BACKUP,4979,2024-12-06,$210.00,2024-12-13,$195.30,1,-18.81%,-7.44%,"-6,198",STOP LOSS
123,BACKUP,2059,2024-11-08,$1405.00,2024-12-20,$1450.00,6,+3.20%,+2.76%,"+2,291",HOLD PERIOD
124,BACKUP,3706,2024-11-22,$83.00,2024-12-20,$77.19,4,-12.89%,-7.44%,"-6,198",STOP LOSS
125,MAIN,3081,2024-11-22,$357.50,2025-01-03,$365.50,6,+2.24%,+1.80%,"+1,491",HOLD PERIOD
126,MAIN,8299,2025-01-03,$520.00,2025-01-10,$483.60,1,-9.42%,-7.44%,"-6,201",STOP LOSS
127,MAIN,2404,2024-12-13,$463.00,2025-02-07,$489.00,8,+5.62%,+5.17%,"+4,293",HOLD PERIOD
128,BACKUP,2383,2024-12-13,$599.00,2025-02-07,$615.00,8,+2.67%,+2.23%,"+1,845",HOLD PERIOD
129,MAIN,3491,2024-12-20,$316.00,2025-02-07,$401.50,7,+27.06%,+26.61%,"+22,150",TRAILING STOP
130,MAIN,4763,2024-12-20,$889.00,2025-02-07,$862.00,7,-3.04%,-3.48%,"-2,881",HOLD PERIOD
131,MAIN,6223,2024-12-27,$925.00,2025-02-07,$860.25,6,-8.22%,-7.44%,"-6,136",STOP LOSS
132,MAIN,8299,2025-01-10,$471.00,2025-02-21,$535.00,6,+13.59%,+13.15%,"+10,913",HOLD PERIOD
133,BACKUP,3376,2025-02-21,$287.00,2025-03-07,$266.91,2,-9.41%,-7.44%,"-6,182",STOP LOSS
134,MAIN,6643,2025-02-27,$763.00,2025-03-07,$709.59,1,-7.34%,-7.44%,"-6,199",STOP LOSS
135,MAIN,3491,2025-02-07,$401.50,2025-03-21,$487.50,6,+21.42%,+20.98%,"+17,459",HOLD PERIOD
136,MAIN,3592,2025-02-07,$392.50,2025-03-21,$375.00,6,-4.46%,-4.90%,"-4,084",HOLD PERIOD
137,BACKUP,9802,2025-02-14,$135.00,2025-03-28,$125.55,6,-7.04%,-7.44%,"-6,198",STOP LOSS
138,BACKUP,3558,2025-02-27,$242.00,2025-03-28,$225.06,4,-12.60%,-7.44%,"-6,187",STOP LOSS
139,MAIN,3563,2025-03-21,$561.00,2025-03-28,$521.73,1,-8.20%,-7.44%,"-6,188",STOP LOSS
140,BACKUP,8210,2025-03-07,$287.00,2025-04-02,$266.91,3,-10.80%,-7.44%,"-6,182",STOP LOSS
141,MAIN,4763,2025-03-21,$950.00,2025-04-02,$883.50,1,-8.00%,-7.44%,"-6,160",STOP LOSS
142,BACKUP,3376,2025-03-07,$260.00,2025-04-11,$241.80,5,-31.73%,-7.44%,"-6,201",STOP LOSS
143,MAIN,3563,2025-03-28,$515.00,2025-04-11,$478.95,2,-24.08%,-7.44%,"-6,180",STOP LOSS
144,BACKUP,8155,2025-03-28,$143.50,2025-04-11,$133.45,2,-25.09%,-7.44%,"-6,193",STOP LOSS
145,BACKUP,3162,2025-04-02,$52.70,2025-04-11,$49.01,1,-22.01%,-7.44%,"-6,202",STOP LOSS
146,BACKUP,3147,2025-05-02,$293.50,2025-05-09,$272.95,1,-7.67%,-7.44%,"-6,191",STOP LOSS
147,BACKUP,2468,2025-04-02,$52.00,2025-05-16,$71.90,6,+38.27%,+37.83%,"+31,517",HOLD PERIOD
148,BACKUP,3147,2025-05-09,$271.00,2025-05-16,$252.03,1,-13.28%,-7.44%,"-6,201",STOP LOSS
149,BACKUP,6227,2025-04-11,$78.00,2025-05-23,$100.50,6,+28.85%,+28.40%,"+23,651",HOLD PERIOD
150,BACKUP,7718,2025-04-18,$50.00,2025-06-06,$49.00,7,-2.00%,-2.44%,"-2,035",HOLD PERIOD
151,BACKUP,2745,2025-05-16,$128.00,2025-06-06,$119.04,3,-8.20%,-7.44%,"-6,201",STOP LOSS
152,BACKUP,2615,2025-05-29,$108.00,2025-06-20,$100.44,3,-7.69%,-7.44%,"-6,198",STOP LOSS
153,BACKUP,6669,2025-05-16,$2380.00,2025-06-27,$2530.00,6,+6.30%,+5.86%,"+4,749",HOLD PERIOD
154,MAIN,6510,2025-05-23,$831.00,2025-07-04,$839.00,6,+0.96%,+0.52%,+433,HOLD PERIOD
155,BACKUP,2368,2025-05-29,$260.00,2025-07-11,$310.50,6,+19.42%,+18.98%,"+15,814",HOLD PERIOD
156,MAIN,6515,2025-06-27,$1230.00,2025-07-11,$1143.90,2,-8.94%,-7.44%,"-6,142",STOP LOSS
157,BACKUP,6191,2025-06-06,$79.10,2025-07-18,$91.50,6,+15.68%,+15.23%,"+12,695",HOLD PERIOD
158,BACKUP,6597,2025-06-06,$73.50,2025-07-18,$81.40,6,+10.75%,+10.31%,"+8,587",HOLD PERIOD
159,MAIN,6223,2025-07-18,$1125.00,2025-07-25,$1046.25,1,-10.22%,-7.44%,"-6,121",STOP LOSS
160,MAIN,3017,2025-06-20,$734.00,2025-08-01,$919.00,6,+25.20%,+24.76%,"+20,567",HOLD PERIOD
161,MAIN,3131,2025-07-18,$1650.00,2025-08-01,$1534.50,2,-10.30%,-7.44%,"-6,149",STOP LOSS
162,MAIN,1560,2025-07-25,$350.00,2025-08-01,$325.50,1,-10.43%,-7.44%,"-6,182",STOP LOSS
163,MAIN,6805,2025-07-04,$791.00,2025-08-15,$1060.00,6,+34.01%,+33.57%,"+27,917",HOLD PERIOD
164,BACKUP,3515,2025-07-11,$270.00,2025-08-22,$275.00,6,+1.85%,+1.41%,"+1,174",HOLD PERIOD
165,MAIN,1519,2025-08-01,$657.00,2025-08-22,$611.01,3,-9.13%,-7.44%,"-6,170",STOP LOSS
166,BACKUP,8358,2025-07-25,$97.50,2025-09-05,$227.50,6,+133.33%,+132.89%,"+110,679",HOLD PERIOD
167,BACKUP,3715,2025-08-15,$100.50,2025-09-05,$93.47,3,-8.16%,-7.44%,"-6,202",STOP LOSS
168,BACKUP,2228,2025-08-22,$104.00,2025-09-05,$105.00,2,+0.96%,+0.52%,+432,TRAILING STOP
169,BACKUP,3661,2025-08-01,$3895.00,2025-09-12,$3790.00,6,-2.70%,-3.14%,"-2,571",HOLD PERIOD
170,BACKUP,6442,2025-08-08,$612.00,2025-09-19,$813.00,6,+32.84%,+32.40%,"+26,808",TRAILING STOP
171,BACKUP,2630,2025-08-22,$56.00,2025-09-19,$55.80,4,-0.36%,-0.80%,-666,TRAILING STOP
172,BACKUP,6584,2025-09-05,$253.00,2025-09-19,$235.29,2,-11.07%,-7.44%,"-6,185",STOP LOSS
173,BACKUP,3447,2025-09-12,$65.30,2025-10-17,$60.73,5,-11.18%,-7.44%,"-6,200",STOP LOSS
174,MAIN,6510,2025-09-12,$1445.00,2025-10-31,$1610.00,7,+11.42%,+10.98%,"+9,053",HOLD PERIOD
175,MAIN,3563,2025-09-19,$543.00,2025-10-31,$563.00,6,+3.68%,+3.24%,"+2,696",HOLD PERIOD
176,MAIN,6515,2025-09-19,$1845.00,2025-10-31,$2630.00,6,+42.55%,+42.10%,"+35,007",HOLD PERIOD
177,MAIN,6531,2025-09-26,$320.00,2025-11-07,$405.00,6,+26.56%,+26.12%,"+21,763",HOLD PERIOD
178,BACKUP,3450,2025-10-09,$270.50,2025-11-14,$251.56,5,-7.95%,-7.44%,"-6,189",STOP LOSS
179,MAIN,8996,2025-10-31,$624.00,2025-11-14,$580.32,2,-19.95%,-7.44%,"-6,185",STOP LOSS
180,BACKUP,3709,2025-10-17,$50.00,2025-11-21,$53.10,5,+6.20%,+5.76%,"+4,797",TRAILING STOP
181,BACKUP,6805,2025-10-31,$1455.00,2025-11-21,$1353.15,3,-7.56%,-7.44%,"-6,181",STOP LOSS
182,BACKUP,6442,2025-11-21,$1120.00,2025-12-19,$1155.00,4,+3.12%,+2.68%,"+2,226",TRAILING STOP
183,MAIN,3443,2025-11-28,$2260.00,2025-12-19,$2101.80,3,-9.51%,-7.44%,"-6,064",STOP LOSS
184,BACKUP,3709,2025-11-28,$54.60,2025-12-19,$50.78,3,-9.80%,-7.44%,"-6,202",STOP LOSS
185,BACKUP,5340,2025-12-05,$65.90,2025-12-19,$61.29,2,-9.26%,-7.44%,"-6,198",STOP LOSS
186,MAIN,6274,2025-11-14,$397.50,2025-12-26,$498.00,6,+25.28%,+24.84%,"+20,666",HOLD PERIOD
187,MAIN,6691,2025-12-19,$603.00,2026-01-02,$560.79,2,-8.13%,-7.44%,"-6,202",STOP LOSS
188,MAIN,6510,2025-12-26,$2400.00,2026-01-09,$2232.00,2,-8.96%,-7.44%,"-6,082",STOP LOSS
189,MAIN,3211,2026-01-02,$329.00,2026-01-09,$305.97,1,-8.97%,-7.44%,"-6,179",STOP LOSS
190,BACKUP,3135,2025-12-05,$67.30,2026-01-16,$122.00,6,+81.28%,+80.84%,"+67,337",HOLD PERIOD
191,MAIN,1560,2025-12-19,$365.00,2026-01-30,$406.50,6,+11.37%,+10.93%,"+9,067",HOLD PERIOD
192,BACKUP,6531,2026-01-09,$480.00,2026-01-30,$446.40,3,-10.52%,-7.44%,"-6,189",STOP LOSS
193,MAIN,6139,2025-12-26,$589.00,2026-02-06,$547.77,6,-10.19%,-7.44%,"-6,190",STOP LOSS
194,BACKUP,3131,2026-01-16,$1790.00,2026-02-06,$1664.70,3,-13.69%,-7.44%,"-6,137",STOP LOSS
195,BACKUP,6548,2026-01-30,$58.00,2026-02-06,$53.94,1,-14.91%,-7.44%,"-6,199",STOP LOSS
196,MAIN,6944,2026-01-02,$699.00,2026-02-26,$766.00,7,+9.59%,+9.14%,"+7,616",HOLD PERIOD
197,MAIN,1795,2026-02-06,$331.50,2026-02-26,$308.30,2,-15.99%,-7.44%,"-6,201",STOP LOSS
198,BACKUP,2481,2026-01-30,$90.40,2026-02-26,$90.60,open,+0.22%,-0.22%,-184,DATA END
199,MAIN,8046,2026-02-06,$379.00,2026-02-26,$555.00,open,+46.44%,+46.00%,"+38,231",DATA END
200,MAIN,3163,2026-02-26,$776.00,2026-02-26,$776.00,open,+0.00%,-0.44%,-368,DATA END
201,BACKUP,3017,2026-02-26,$1765.00,2026-02-26,$1765.00,open,+0.00%,-0.44%,-368,DATA END
