engine,stock,buy_date,entry_price,exit_date,exit_price,weeks_held,gross_return_pct,net_return_pct,pnl_twd,exit_reason
main,3443,20221209,794.0,20221223,738.42,2,-8.564231738035264,-7.4425,-6154,stop_loss
main,6472,20221209,394.5,20230310,496.5,13,25.85551330798479,25.41301330798479,21083,hold_period
backup,1795,20221216,234.5,20230310,255.0,12,8.742004264392325,8.299504264392324,6899,trailing_stop
backup,2731,20221223,102.5,20230310,120.5,11,17.560975609756095,17.118475609756096,14250,trailing_stop
backup,4763,20221216,176.5,20230317,306.5,13,73.65439093484419,73.21189093484419,60949,hold_period
backup,6515,20221223,404.0,20230324,746.0,13,84.65346534653465,84.21096534653465,69843,hold_period
backup,2388,20230317,89.8,20230414,83.514,4,-8.463251670378613,-7.4425,-6198,stop_loss
main,3680,20230331,374.0,20230421,347.82,3,-9.358288770053475,-7.4425,-6188,stop_loss
backup,8478,20230331,515.0,20230421,478.95,3,-15.145631067961165,-7.4425,-6180,stop_loss
main,4763,20230414,471.0,20230421,438.03,1,-7.643312101910828,-7.4425,-6178,stop_loss
backup,3693,20230421,196.5,20230428,182.74499999999998,1,-9.16030534351145,-7.4425,-6195,stop_loss
main,6719,20230324,328.5,20230512,305.505,7,-8.37138508371385,-7.4425,-6194,stop_loss
backup,1752,20230421,75.6,20230512,70.30799999999999,3,-8.730158730158722,-7.4425,-6198,stop_loss
backup,4763,20230428,470.5,20230602,506.0,5,7.545164718384697,7.102664718384697,5890,trailing_stop
main,1795,20230519,343.5,20230609,319.455,3,-7.132459970887918,-7.4425,-6196,stop_loss
backup,2368,20230407,95.3,20230707,148.5,13,55.82371458551941,55.38121458551941,46141,hold_period
backup,2731,20230407,148.0,20230707,164.5,13,11.14864864864865,10.706148648648648,8918,trailing_stop
backup,2743,20230609,162.5,20230714,151.125,5,-21.23076923076923,-7.4425,-6201,stop_loss
backup,3680,20230707,399.0,20230721,371.07,2,-7.393483709273182,-7.4425,-6185,stop_loss
backup,3693,20230428,178.5,20230728,398.5,13,123.24929971988796,122.80679971988796,102297,hold_period
backup,3035,20230707,244.5,20230728,319.5,3,30.67484662576687,30.232346625766873,25168,trailing_stop
main,3035,20230728,319.5,20230804,297.135,1,-11.89358372456964,-7.4425,-6191,stop_loss
backup,1560,20230728,141.5,20230804,131.595,1,-7.06713780918728,-7.4425,-6201,stop_loss
backup,4551,20230714,144.0,20230811,133.92,4,-7.291666666666667,-7.4425,-6193,stop_loss
main,4763,20230721,841.0,20230811,782.13,3,-8.204518430439952,-7.4425,-6143,stop_loss
backup,3037,20230519,170.0,20230818,174.5,13,2.6470588235294117,2.204558823529412,1835,hold_period
backup,1519,20230602,158.0,20230901,292.5,13,85.12658227848101,84.68408227848101,70480,hold_period
backup,6829,20230901,154.0,20230908,143.22,1,-9.090909090909092,-7.4425,-6198,stop_loss
backup,4572,20230811,188.5,20230915,175.30499999999998,5,-11.140583554376658,-7.4425,-6196,stop_loss
backup,2645,20230901,129.5,20230915,120.43499999999999,2,-12.741312741312742,-7.4425,-6196,stop_loss
backup,6829,20230908,140.0,20230915,130.2,1,-12.5,-7.4425,-6198,stop_loss
backup,6829,20230915,122.5,20230922,113.925,1,-8.571428571428571,-7.4425,-6199,stop_loss
main,8016,20230915,302.5,20230928,281.325,1,-7.933884297520661,-7.4425,-6200,stop_loss
backup,5321,20230928,123.0,20231006,114.38999999999999,1,-15.447154471544716,-7.4425,-6197,stop_loss
backup,5321,20231006,104.0,20231013,96.72,1,-13.461538461538462,-7.4425,-6201,stop_loss
backup,2368,20230908,208.5,20231020,193.905,6,-7.673860911270983,-7.4425,-6200,stop_loss
backup,1560,20230804,131.5,20231103,180.0,13,36.88212927756654,36.43962927756654,30327,hold_period
backup,2388,20230804,109.5,20231103,145.0,13,32.42009132420091,31.97759132420091,26615,hold_period
main,2059,20231020,797.0,20231103,741.2099999999999,2,-9.786700125470514,-7.4425,-6178,stop_loss
backup,4961,20231013,269.0,20231110,250.17,4,-8.178438661710038,-7.4425,-6195,stop_loss
backup,5439,20231103,120.5,20231215,122.5,6,1.6597510373443984,1.2172510373443983,1014,trailing_stop
main,3592,20230922,368.0,20231222,393.5,13,6.929347826086957,6.486847826086957,5403,hold_period
backup,3217,20230922,129.0,20231222,171.0,13,32.55813953488372,32.11563953488372,26760,hold_period
backup,1519,20231215,347.5,20231222,323.17499999999995,1,-7.625899280575539,-7.4425,-6190,stop_loss
backup,4967,20231110,87.1,20240105,81.00299999999999,8,-8.955223880597012,-7.4425,-6200,stop_loss
backup,3675,20231229,268.5,20240119,249.70499999999998,3,-7.82122905027933,-7.4425,-6184,stop_loss
backup,1560,20231103,180.0,20240202,217.5,13,20.833333333333336,20.390833333333337,16981,hold_period
main,3661,20231117,3230.0,20240216,4185.0,13,29.566563467492262,29.124063467492263,23551,hold_period
main,2376,20240216,381.0,20240223,354.33,1,-10.104986876640421,-7.4425,-6190,stop_loss
main,1519,20231222,321.0,20240308,502.0,11,56.38629283489096,55.94379283489096,46577,trailing_stop
main,6515,20240105,789.0,20240308,733.77,9,-7.3510773130545,-7.4425,-6175,stop_loss
main,2376,20240223,342.5,20240315,318.525,3,-8.613138686131387,-7.4425,-6178,stop_loss
backup,3147,20240308,134.0,20240315,124.61999999999999,1,-8.582089552238806,-7.4425,-6202,stop_loss
backup,3265,20231222,92.6,20240322,127.0,13,37.14902807775379,36.70652807775379,30567,hold_period
main,3017,20240119,346.0,20240419,630.0,13,82.08092485549133,81.63842485549134,67889,hold_period
main,3406,20240308,400.0,20240419,424.0,6,6.0,5.5575,4630,trailing_stop
backup,5284,20240315,193.0,20240419,179.48999999999998,5,-13.471502590673575,-7.4425,-6200,stop_loss
backup,1319,20240202,83.0,20240426,116.0,12,39.75903614457831,39.31653614457831,32745,trailing_stop
main,1795,20240419,311.5,20240510,289.695,3,-7.704654895666131,-7.4425,-6199,stop_loss
main,2404,20240426,408.0,20240510,379.44,2,-8.088235294117647,-7.4425,-6173,stop_loss
backup,2739,20240510,69.4,20240524,64.542,2,-13.544668587896261,-7.4425,-6202,stop_loss
backup,3013,20240322,56.2,20240621,88.3,13,57.117437722419915,56.67493772241991,47207,hold_period
backup,4915,20240322,84.5,20240621,96.0,13,13.609467455621301,13.1669674556213,10964,trailing_stop
backup,3466,20240510,57.9,20240621,87.1,6,50.431778929188255,49.98927892918825,41651,trailing_stop
main,8996,20240524,495.0,20240712,460.34999999999997,7,-8.282828282828284,-7.4425,-6198,stop_loss
backup,6472,20240419,706.0,20240719,900.0,13,27.47875354107649,27.03625354107649,22364,hold_period
backup,3675,20240426,301.0,20240719,339.0,12,12.624584717607974,12.182084717607973,10135,trailing_stop
main,6231,20240621,383.5,20240802,386.0,6,0.651890482398957,0.20939048239895697,174,trailing_stop
backup,3013,20240719,120.5,20240802,112.065,2,-15.767634854771783,-7.4425,-6197,stop_loss
backup,3163,20240628,137.0,20240809,136.5,6,-0.36496350364963503,-0.807463503649635,-672,trailing_stop
backup,2739,20240802,68.5,20240809,63.705,1,-12.408759124087592,-7.4425,-6198,stop_loss
backup,3583,20240712,411.5,20240906,382.695,8,-8.383961117861482,-7.4425,-6195,stop_loss
backup,6805,20240823,830.0,20240906,771.9,2,-17.710843373493976,-7.4425,-6186,stop_loss
main,5904,20240621,500.0,20240920,528.0,13,5.6000000000000005,5.157500000000001,4287,hold_period
backup,2739,20240809,60.0,20240920,55.8,6,-7.666666666666669,-7.4425,-6198,stop_loss
backup,4542,20240913,82.5,20240927,86.5,2,4.848484848484849,4.405984848484849,3669,trailing_stop
backup,5225,20240802,123.0,20241004,128.5,9,4.471544715447155,4.029044715447155,3355,trailing_stop
backup,3680,20240719,471.5,20241018,565.0,13,19.830328738069987,19.387828738069988,16112,hold_period
backup,6546,20240920,216.0,20241018,200.88,4,-29.166666666666668,-7.4425,-6198,stop_loss
main,6187,20241004,494.5,20241018,459.885,2,-8.998988877654195,-7.4425,-6192,stop_loss
main,3583,20241018,480.5,20241115,446.86499999999995,4,-9.261186264308012,-7.4425,-6196,stop_loss
backup,6805,20241025,859.0,20241115,798.8699999999999,3,-8.614668218859139,-7.4425,-6146,stop_loss
backup,2354,20241115,96.6,20241122,89.838,1,-14.906832298136639,-7.4425,-6199,stop_loss
backup,3447,20241115,90.0,20241122,83.69999999999999,1,-11.333333333333337,-7.4425,-6198,stop_loss
backup,5234,20240920,238.0,20241129,221.33999999999997,10,-14.07563025210084,-7.4425,-6191,stop_loss
backup,3013,20241004,126.5,20241129,146.0,8,15.41501976284585,14.972519762845849,12461,trailing_stop
backup,3081,20240913,209.0,20241213,358.0,13,71.29186602870813,70.84936602870813,59018,hold_period
backup,3712,20241206,68.0,20241213,63.239999999999995,1,-8.823529411764707,-7.4425,-6198,stop_loss
backup,4979,20241206,210.0,20241213,195.29999999999998,1,-18.80952380952381,-7.4425,-6198,stop_loss
backup,6510,20241025,537.0,20241220,814.0,8,51.5828677839851,51.1403677839851,42352,trailing_stop
backup,3706,20241122,83.0,20241220,77.19,4,-12.891566265060245,-7.4425,-6198,stop_loss
backup,2368,20241227,244.5,20250110,227.385,2,-7.566462167689162,-7.4425,-6196,stop_loss
main,3491,20241220,316.0,20250207,401.5,7,27.056962025316455,26.614462025316456,22150,trailing_stop
main,6223,20241227,925.0,20250207,860.2499999999999,6,-8.216216216216216,-7.4425,-6136,stop_loss
main,2404,20241213,463.0,20250314,430.59,13,-10.691144708423327,-7.4425,-6177,stop_loss
backup,2383,20241213,599.0,20250314,580.0,13,-3.1719532554257093,-3.614453255425709,-2992,hold_period
main,4763,20241220,889.0,20250314,959.0,12,7.874015748031496,7.431515748031496,6153,trailing_stop
main,3491,20250207,401.5,20250328,429.5,7,6.973848069738481,6.531348069738481,5436,trailing_stop
main,3592,20250207,392.5,20250328,365.025,7,-9.936305732484078,-7.4425,-6202,stop_loss
main,3563,20250314,565.0,20250328,525.4499999999999,2,-8.849557522123893,-7.4425,-6190,stop_loss
main,4763,20250314,959.0,20250402,891.8699999999999,2,-8.86339937434828,-7.4425,-6147,stop_loss
main,8299,20250110,471.0,20250411,443.0,13,-5.9447983014862,-6.3872983014862,-5302,trailing_stop
backup,5439,20250321,185.0,20250411,172.04999999999998,3,-19.45945945945946,-7.4425,-6191,stop_loss
main,3563,20250328,515.0,20250411,478.95,2,-24.07766990291262,-7.4425,-6180,stop_loss
backup,8155,20250328,143.5,20250411,133.45499999999998,2,-25.087108013937282,-7.4425,-6193,stop_loss
backup,3162,20250402,52.7,20250411,49.011,1,-22.011385199240987,-7.4425,-6202,stop_loss
backup,3147,20250502,293.5,20250509,272.955,1,-7.666098807495741,-7.4425,-6191,stop_loss
backup,3147,20250509,271.0,20250516,252.02999999999997,1,-13.284132841328415,-7.4425,-6201,stop_loss
backup,2468,20250402,52.0,20250523,67.1,7,29.03846153846153,28.59596153846153,23826,trailing_stop
backup,2745,20250516,128.0,20250606,119.03999999999999,3,-8.203125,-7.4425,-6201,stop_loss
backup,2615,20250606,101.5,20250627,94.395,3,-9.35960591133005,-7.4425,-6196,stop_loss
backup,7718,20250418,50.0,20250704,46.5,11,-7.599999999999994,-7.4425,-6201,stop_loss
backup,6227,20250411,78.0,20250711,90.2,13,15.641025641025644,15.198525641025643,12655,trailing_stop
backup,6669,20250516,2380.0,20250815,3345.0,13,40.54621848739496,40.10371848739496,32498,hold_period
main,6510,20250523,831.0,20250822,1135.0,13,36.58243080625752,36.13993080625752,30075,hold_period
backup,2368,20250529,260.0,20250829,505.0,13,94.23076923076923,93.78826923076923,78143,hold_period
main,3017,20250627,737.0,20250905,944.0,10,28.08683853459973,27.64433853459973,22851,trailing_stop
backup,3715,20250815,100.5,20250905,93.46499999999999,3,-8.159203980099505,-7.4425,-6202,stop_loss
backup,2228,20250822,104.0,20250905,105.0,2,0.9615384615384616,0.5190384615384616,432,trailing_stop
main,6805,20250704,791.0,20250912,1020.0,10,28.950695322376742,28.508195322376743,23711,trailing_stop
backup,2630,20250829,64.2,20250919,59.705999999999996,3,-13.084112149532718,-7.4425,-6201,stop_loss
backup,6584,20250905,253.0,20250919,235.29,2,-11.067193675889328,-7.4425,-6185,stop_loss
backup,3515,20250711,270.0,20251017,286.5,14,6.111111111111111,5.668611111111111,4721,hold_period
backup,3447,20250912,65.3,20251017,60.72899999999999,5,-11.179173047473197,-7.4425,-6200,stop_loss
main,6510,20250912,1445.0,20251107,1605.0,8,11.072664359861593,10.630164359861592,8768,trailing_stop
main,3563,20250919,543.0,20251107,504.98999999999995,7,-8.56353591160221,-7.4425,-6192,stop_loss
main,6515,20250919,1845.0,20251114,2195.0,8,18.97018970189702,18.52768970189702,15405,trailing_stop
backup,8996,20251107,622.0,20251114,578.4599999999999,1,-19.69453376205788,-7.4425,-6166,stop_loss
backup,3709,20251017,50.0,20251121,53.1,5,6.200000000000003,5.757500000000003,4797,trailing_stop
main,6531,20250926,320.0,20251219,382.5,12,19.53125,19.08875,15904,trailing_stop
backup,6442,20251121,1120.0,20251219,1155.0,4,3.125,2.6825,2226,trailing_stop
main,3443,20251128,2260.0,20251219,2101.7999999999997,3,-9.513274336283185,-7.4425,-6064,stop_loss
backup,3709,20251128,54.6,20251219,50.778,3,-9.798534798534801,-7.4425,-6202,stop_loss
main,6691,20251219,603.0,20260102,560.79,2,-8.12603648424544,-7.4425,-6202,stop_loss
main,6510,20251226,2400.0,20260109,2232.0,2,-8.958333333333334,-7.4425,-6082,stop_loss
main,3211,20260102,329.0,20260109,305.96999999999997,1,-8.966565349544073,-7.4425,-6179,stop_loss
backup,8155,20251017,160.0,20260116,175.0,13,9.375,8.9325,7442,hold_period
backup,6531,20260109,480.0,20260130,446.4,3,-10.520833333333334,-7.4425,-6189,stop_loss
main,6139,20251226,589.0,20260206,547.77,6,-10.186757215619695,-7.4425,-6190,stop_loss
backup,3131,20260116,1790.0,20260206,1664.6999999999998,3,-13.687150837988826,-7.4425,-6137,stop_loss
backup,6548,20260130,58.0,20260206,53.94,1,-14.913793103448272,-7.4425,-6199,stop_loss
main,6274,20251114,397.5,20260226,545.0,14,37.10691823899371,36.664418238993704,30503,hold_period
main,1795,20260206,331.5,20260226,308.29499999999996,2,-15.987933634992457,-7.4425,-6201,stop_loss
main,8046,20260206,379.0,20260306,469.5,4,23.87862796833773,23.436127968337733,19480,trailing_stop
main,1560,20251219,365.0,20260306,486.5,open,33.28767123287671,32.84517123287671,27253,data_end
backup,2481,20260130,90.4,20260306,91.5,open,1.216814159292029,0.774314159292029,645,data_end
main,3163,20260226,776.0,20260306,723.0,open,-6.829896907216495,-7.2723969072164945,-6047,data_end
backup,3017,20260226,1765.0,20260306,1845.0,open,4.53257790368272,4.09007790368272,3398,data_end
main,3324,20260306,989.0,20260306,989.0,open,0.0,-0.4425,-368,data_end
main,6187,20260306,590.0,20260306,590.0,open,0.0,-0.4425,-369,data_end
