date,stock_id,Trading_Volume,Trading_money,open,max,min,close,spread,Trading_turnover
2024-01-02,00632R,72332178,325009242,4.49,4.52,4.47,4.52,0.04,2201
2024-01-03,00632R,140962172,643116081,4.54,4.58,4.54,4.57,0.05,4925
2024-01-04,00632R,74311795,339773452,4.58,4.58,4.56,4.57,0.0,2535
2024-01-05,00632R,75657631,346148696,4.57,4.59,4.55,4.59,0.02,2129
2024-01-08,00632R,76128250,346466826,4.56,4.57,4.53,4.56,-0.03,2686
2024-01-09,00632R,54117248,246093666,4.52,4.58,4.52,4.57,0.01,1976
2024-01-10,00632R,111517992,511562208,4.58,4.6,4.58,4.59,0.02,2923
2024-01-11,00632R,67763349,309648334,4.58,4.59,4.55,4.56,-0.03,2393
2024-01-12,00632R,66450380,304418956,4.58,4.6,4.56,4.59,0.03,2347
2024-01-15,00632R,107368621,489375131,4.56,4.58,4.54,4.56,-0.03,3338
2024-01-16,00632R,125489496,578349347,4.6,4.63,4.59,4.61,0.05,4580
2024-01-17,00632R,153040119,709572915,4.61,4.66,4.61,4.64,0.03,6418
2024-01-18,00632R,81959381,380053586,4.63,4.66,4.62,4.63,-0.01,3128
2024-01-19,00632R,191201511,869734697,4.56,4.58,4.52,4.53,-0.1,9001
2024-01-22,00632R,109333716,491165247,4.5,4.51,4.48,4.49,-0.04,5328
2024-01-23,00632R,84879859,380468895,4.48,4.5,4.47,4.48,-0.01,3743
2024-01-24,00632R,69971064,312776548,4.47,4.48,4.46,4.48,0.0,3202
2024-01-25,00632R,114200530,508175079,4.45,4.47,4.44,4.44,-0.04,5725
2024-01-26,00632R,62256717,276993342,4.44,4.46,4.44,4.46,0.02,2818
2024-01-29,00632R,98442580,435582845,4.45,4.46,4.41,4.41,-0.05,5822
2024-01-30,00632R,57713965,254971404,4.42,4.43,4.41,4.42,0.01,2431
2024-01-31,00632R,53346997,237820353,4.45,4.47,4.44,4.47,0.05,2594
2024-02-01,00632R,60153951,268425766,4.46,4.48,4.45,4.45,-0.02,2020
2024-02-02,00632R,43743094,193567219,4.42,4.44,4.42,4.42,-0.03,2349
2024-02-05,00632R,49793378,220349975,4.43,4.45,4.41,4.42,0.0,2361
2024-02-15,00632R,247143180,1059498478,4.3,4.31,4.27,4.28,-0.14,13129
2024-02-16,00632R,75744138,323729124,4.28,4.29,4.26,4.28,0.0,3579
2024-02-19,00632R,56047581,239763679,4.28,4.29,4.27,4.27,-0.01,2061
2024-02-20,00632R,69086508,294898009,4.29,4.3,4.26,4.27,0.0,3375
2024-02-21,00632R,52252813,223051493,4.28,4.28,4.26,4.27,0.0,2660
2024-02-22,00632R,87244579,370029605,4.24,4.26,4.23,4.24,-0.03,5177
2024-02-23,00632R,105571534,444707945,4.21,4.23,4.2,4.22,-0.02,6161
2024-02-26,00632R,48134401,202925440,4.22,4.24,4.2,4.2,-0.02,2731
2024-02-27,00632R,96289717,407043425,4.2,4.26,4.2,4.22,0.02,4615
2024-02-29,00632R,48335923,204038051,4.24,4.25,4.2,4.21,-0.01,2728
2024-03-01,00632R,36508171,153726326,4.21,4.22,4.2,4.22,0.01,1739
2024-03-04,00632R,186008358,771145024,4.17,4.18,4.12,4.13,-0.09,11861
2024-03-05,00632R,102848840,423243498,4.12,4.14,4.1,4.11,-0.02,5691
2024-03-06,00632R,128286186,526971533,4.15,4.15,4.08,4.09,-0.02,6733
2024-03-07,00632R,219539183,888485606,4.05,4.07,4.03,4.04,-0.05,11494
2024-03-08,00632R,338998906,1357640911,3.99,4.06,3.97,4.03,-0.01,16408
2024-03-11,00632R,120805971,487544934,4.05,4.05,4.01,4.04,0.01,4923
2024-03-12,00632R,119854818,480406271,4.04,4.05,3.99,3.99,-0.05,6401
2024-03-13,00632R,115232621,459544679,3.97,4.0,3.96,4.0,0.01,5970
2024-03-14,00632R,98502818,394088421,4.0,4.02,3.98,4.0,0.0,3876
2024-03-15,00632R,110140895,442512469,4.02,4.03,4.0,4.02,0.02,3758
2024-03-18,00632R,63532793,255111909,4.02,4.03,4.0,4.0,-0.02,3149
2024-03-19,00632R,78305756,313933006,4.02,4.03,3.99,4.0,0.0,3253
2024-03-20,00632R,98217508,393697838,4.0,4.03,3.98,4.02,0.02,3519
2024-03-21,00632R,300539242,1188194304,3.98,3.98,3.93,3.93,-0.09,16655
2024-03-22,00632R,131312693,517500391,3.93,3.96,3.92,3.93,0.0,6054
2024-03-25,00632R,105756433,415427675,3.93,3.95,3.91,3.92,-0.01,5145
2024-03-26,00632R,172631324,677918957,3.92,3.97,3.89,3.94,0.02,7435
2024-03-27,00632R,72531630,285544209,3.94,3.95,3.92,3.93,-0.01,2714
2024-03-28,00632R,84411484,332947671,3.94,3.97,3.93,3.93,0.0,2637
2024-03-29,00632R,83544413,328207667,3.93,3.94,3.92,3.93,0.0,3001
2024-04-01,00632R,51609256,202099802,3.92,3.93,3.9,3.93,0.0,2649
2024-04-02,00632R,195169545,759370909,3.91,3.91,3.88,3.88,-0.05,9496
2024-04-03,00632R,104115480,406876117,3.91,3.93,3.89,3.9,0.02,3648
2024-04-08,00632R,75559788,293578204,3.9,3.91,3.88,3.88,-0.02,3979
2024-04-09,00632R,281262749,1077155855,3.87,3.88,3.8,3.8,-0.08,13886
2024-04-10,00632R,95210524,362863289,3.81,3.82,3.8,3.82,0.02,3481
2024-04-11,00632R,122948593,471656223,3.84,3.85,3.82,3.83,0.01,4302
2024-04-12,00632R,74560932,285039494,3.82,3.84,3.81,3.82,-0.01,2511
2024-04-15,00632R,151102013,584093470,3.86,3.88,3.85,3.87,0.05,5525
2024-04-16,00632R,443639834,1758416886,3.91,4.01,3.91,3.99,0.12,18664
2024-04-17,00632R,200161866,789551142,3.97,3.97,3.92,3.94,-0.05,6986
2024-04-18,00632R,145124493,571133714,3.97,3.97,3.91,3.92,-0.02,5447
2024-04-19,00632R,617347549,2497154604,3.99,4.11,3.99,4.06,0.14,21331
2024-04-22,00632R,178819053,726294868,4.07,4.09,4.03,4.07,0.01,6091
2024-04-23,00632R,105603649,426121522,4.02,4.06,4.02,4.04,-0.03,4419
2024-04-24,00632R,282921890,1118750123,3.99,3.99,3.93,3.93,-0.11,11127
2024-04-25,00632R,131059179,522619211,3.98,4.0,3.97,4.0,0.07,4614
2024-04-26,00632R,198440064,780864329,3.95,3.96,3.91,3.94,-0.06,6942
2024-04-29,00632R,216243267,838844309,3.91,3.91,3.86,3.87,-0.07,8952
2024-04-30,00632R,75235462,291009157,3.88,3.88,3.86,3.88,0.01,3518
2024-05-02,00632R,85529481,334297476,3.9,3.92,3.89,3.91,0.03,3717
2024-05-03,00632R,86611039,336204719,3.87,3.91,3.86,3.9,-0.01,3597
2024-05-06,00632R,175874748,676641664,3.85,3.86,3.83,3.85,-0.05,6693
2024-05-07,00632R,80831683,310962375,3.83,3.87,3.83,3.85,0.0,3132
2024-05-08,00632R,77022813,295855997,3.85,3.86,3.83,3.83,-0.02,3487
2024-05-09,00632R,78724112,301780453,3.83,3.85,3.82,3.85,0.02,3107
2024-05-10,00632R,106932229,409228096,3.83,3.85,3.81,3.82,-0.03,5276
2024-05-13,00632R,138024777,523890176,3.79,3.81,3.78,3.8,-0.02,6070
2024-05-14,00632R,102885636,389421226,3.81,3.81,3.77,3.78,-0.02,5856
2024-05-15,00632R,305662324,1139877606,3.76,3.76,3.7,3.73,-0.05,14300
2024-05-16,00632R,216181359,798221896,3.69,3.72,3.67,3.71,-0.02,9788
2024-05-17,00632R,85933846,319070646,3.71,3.73,3.7,3.71,0.0,3365
2024-05-20,00632R,117538267,437241858,3.7,3.75,3.7,3.72,0.01,4048
2024-05-21,00632R,77063908,287254755,3.72,3.75,3.71,3.72,0.0,2948
2024-05-22,00632R,213698124,786320500,3.71,3.71,3.66,3.66,-0.06,10685
2024-05-23,00632R,157954056,578808898,3.66,3.69,3.65,3.67,0.01,5689
2024-05-24,00632R,103339408,380029560,3.7,3.7,3.66,3.66,-0.01,3652
2024-05-27,00632R,184002432,666630141,3.65,3.65,3.61,3.61,-0.05,8631
2024-05-28,00632R,79694397,287531602,3.61,3.63,3.6,3.6,-0.01,4150
2024-05-29,00632R,68860438,249781912,3.61,3.64,3.61,3.64,0.04,3074
2024-05-30,00632R,186896648,688882893,3.67,3.7,3.67,3.7,0.06,7445
2024-05-31,00632R,186724829,689361575,3.68,3.72,3.66,3.71,0.01,5493
2024-06-03,00632R,171930586,630134684,3.68,3.7,3.64,3.65,-0.06,6142
2024-06-04,00632R,161489438,596847217,3.67,3.72,3.67,3.71,0.06,5291
2024-06-05,00632R,102290134,378197436,3.69,3.73,3.67,3.69,-0.02,3378
2024-06-06,00632R,364337927,1315822781,3.62,3.63,3.6,3.6,-0.09,13699
2024-06-07,00632R,68995432,249466132,3.62,3.63,3.61,3.62,0.02,2565
2024-06-11,00632R,84085982,303785851,3.61,3.63,3.59,3.62,0.0,3069
2024-06-12,00632R,127208558,457096102,3.62,3.62,3.58,3.58,-0.04,6794
2024-06-13,00632R,244151698,862199464,3.55,3.56,3.51,3.52,-0.06,10760
2024-06-14,00632R,90054215,317163774,3.53,3.54,3.51,3.51,-0.01,4273
2024-06-17,00632R,95377150,334595464,3.52,3.52,3.49,3.51,0.0,3846
2024-06-18,00632R,200077443,692360148,3.47,3.48,3.45,3.45,-0.06,9460
2024-06-19,00632R,451539962,1533461922,3.43,3.43,3.37,3.38,-0.07,17979
2024-06-20,00632R,158081331,532042581,3.39,3.39,3.35,3.35,-0.03,7847
2024-06-21,00632R,158756387,535808124,3.39,3.39,3.36,3.37,0.02,4773
2024-06-24,00632R,301480461,1033563716,3.4,3.45,3.4,3.44,0.07,8784
2024-06-25,00632R,225417523,779936100,3.46,3.49,3.43,3.44,0.0,8033
2024-06-26,00632R,147100593,502441216,3.42,3.44,3.4,3.42,-0.02,4326
2024-06-27,00632R,115482744,397136192,3.46,3.46,3.42,3.42,0.0,3308
2024-06-28,00632R,133377675,453778134,3.42,3.43,3.38,3.4,-0.02,4057
2024-07-01,00632R,77118925,261422306,3.4,3.41,3.37,3.4,0.0,3514
2024-07-02,00632R,135469197,464062391,3.41,3.45,3.4,3.42,0.02,3968
2024-07-03,00632R,109031495,369263798,3.39,3.41,3.37,3.38,-0.04,5144
2024-07-04,00632R,373126633,1239117996,3.34,3.34,3.3,3.31,-0.07,14249
2024-07-05,00632R,102158423,338010503,3.31,3.32,3.3,3.31,0.0,3325
2024-07-08,00632R,291051941,952179950,3.31,3.32,3.25,3.26,-0.05,10618
2024-07-09,00632R,203103866,663023964,3.26,3.3,3.23,3.26,0.0,6792
2024-07-10,00632R,103808384,339204910,3.28,3.29,3.25,3.26,0.0,4082
2024-07-11,00632R,288333835,924234928,3.22,3.23,3.19,3.2,-0.06,11898
2024-07-12,00632R,223215754,727702690,3.25,3.28,3.24,3.27,0.07,9407
2024-07-15,00632R,95863793,312605796,3.25,3.28,3.24,3.27,0.0,3207
2024-07-16,00632R,163910381,531539605,3.27,3.27,3.22,3.25,-0.02,5036
2024-07-17,00632R,221682620,724953466,3.26,3.29,3.24,3.28,0.03,5965
2024-07-18,00632R,293191492,980320396,3.33,3.36,3.32,3.33,0.05,10588
2024-07-19,00632R,325562064,1101904817,3.36,3.41,3.35,3.4,0.07,13306
2024-07-22,00632R,528851858,1833536938,3.42,3.51,3.41,3.48,0.08,19125
2024-07-23,00632R,253484652,866269800,3.44,3.44,3.4,3.41,-0.07,9048
2024-07-26,00632R,424716537,1495132888,3.51,3.54,3.5,3.51,0.1,13614
2024-07-29,00632R,158296079,551342935,3.46,3.51,3.45,3.5,-0.01,6605
2024-07-30,00632R,259425931,915268265,3.53,3.56,3.48,3.49,-0.01,9984
2024-07-31,00632R,150187683,525949154,3.52,3.53,3.47,3.49,0.0,5738
2024-08-01,00632R,225101067,773102075,3.42,3.46,3.41,3.43,-0.06,6628
2024-08-02,00632R,461647575,1640344400,3.53,3.59,3.51,3.58,0.15,17092
2024-08-05,00632R,1005352231,3859432012,3.77,3.93,3.77,3.93,0.35,37800
2024-08-06,00632R,822976740,3110932341,3.74,3.92,3.69,3.76,-0.17,33186
2024-08-07,00632R,619949614,2261260537,3.72,3.73,3.59,3.61,-0.15,22598
2024-08-08,00632R,365004252,1343371718,3.68,3.72,3.64,3.68,0.07,12529
2024-08-09,00632R,481625874,1724288352,3.58,3.61,3.55,3.59,-0.09,16532
2024-08-12,00632R,371727954,1311495190,3.56,3.56,3.5,3.54,-0.05,12864
2024-08-13,00632R,196559947,692124338,3.51,3.54,3.5,3.52,-0.02,7277
2024-08-14,00632R,353493059,1230624550,3.48,3.5,3.46,3.49,-0.03,11433
2024-08-15,00632R,236611526,824940374,3.48,3.51,3.47,3.5,0.01,7034
2024-08-16,00632R,315045206,1079048850,3.43,3.44,3.41,3.43,-0.07,13251
2024-08-19,00632R,171281488,585263217,3.41,3.43,3.4,3.43,0.0,5942
2024-08-20,00632R,129910967,442628439,3.4,3.43,3.39,3.42,-0.01,5833
2024-08-21,00632R,160346358,551981583,3.44,3.45,3.42,3.45,0.03,5765
2024-08-22,00632R,117751784,406989594,3.44,3.47,3.43,3.47,0.02,4364
2024-08-23,00632R,200632416,697321163,3.49,3.5,3.45,3.45,-0.02,6798
2024-08-26,00632R,190989292,654080772,3.43,3.46,3.4,3.45,0.0,6110
2024-08-27,00632R,104992888,363405275,3.46,3.48,3.44,3.45,0.0,3642
2024-08-28,00632R,128251691,440592013,3.44,3.47,3.41,3.42,-0.03,4880
2024-08-29,00632R,175085515,606049800,3.47,3.48,3.43,3.44,0.02,5564
2024-08-30,00632R,71696637,246076327,3.43,3.45,3.42,3.43,-0.01,2896
2024-09-02,00632R,85564718,293497071,3.42,3.45,3.41,3.44,0.01,2452
2024-09-03,00632R,159465111,549577990,3.45,3.47,3.42,3.47,0.03,3455
2024-09-04,00632R,504639692,1823844559,3.62,3.66,3.57,3.62,0.15,17976
2024-09-05,00632R,270307918,968224122,3.58,3.63,3.55,3.62,0.0,9090
2024-09-06,00632R,294419615,1054076515,3.6,3.63,3.56,3.57,-0.05,8508
2024-09-09,00632R,337620815,1227864061,3.66,3.67,3.61,3.61,0.04,9532
2024-09-10,00632R,176272917,637762093,3.59,3.65,3.59,3.62,0.01,6005
2024-09-11,00632R,185828597,674066892,3.62,3.64,3.61,3.64,0.02,4421
2024-09-12,00632R,683785042,2411350445,3.54,3.56,3.49,3.5,-0.14,16688
2024-09-13,00632R,124036801,434044746,3.5,3.52,3.49,3.49,-0.01,3718
2024-09-16,00632R,136892951,477201204,3.5,3.5,3.47,3.48,-0.01,3964
2024-09-18,00632R,183097887,640455839,3.49,3.52,3.47,3.51,0.03,3735
2024-09-19,00632R,278182260,964942710,3.5,3.52,3.44,3.44,-0.07,9298
2024-09-20,00632R,233728789,794968729,3.39,3.43,3.38,3.43,-0.01,7319
2024-09-23,00632R,97084641,330501908,3.41,3.42,3.39,3.4,-0.03,3937
2024-09-24,00632R,172215046,585578974,3.41,3.43,3.37,3.38,-0.02,6238
2024-09-25,00632R,296172107,985851575,3.33,3.34,3.32,3.32,-0.06,10829
2024-09-26,00632R,181638683,599552018,3.3,3.32,3.29,3.31,-0.01,6696
2024-09-27,00632R,198250960,652473192,3.29,3.32,3.27,3.31,0.0,6735
2024-09-30,00632R,272601726,917289164,3.34,3.4,3.33,3.4,0.09,8840
2024-10-01,00632R,113452429,384966326,3.4,3.41,3.38,3.4,0.0,3588
2024-10-04,00632R,329273027,1118747611,3.41,3.43,3.37,3.41,0.01,5117
2024-10-07,00632R,259730845,866957892,3.36,3.37,3.32,3.32,-0.09,7758
2024-10-08,00632R,178847355,601423487,3.35,3.39,3.34,3.35,0.03,4816
2024-10-09,00632R,139275255,463119369,3.32,3.34,3.31,3.34,-0.01,3910
2024-10-11,00632R,147477385,486958405,3.33,3.33,3.29,3.3,-0.04,6208
2024-10-14,00632R,101804610,335382735,3.29,3.32,3.28,3.29,-0.01,3991
2024-10-15,00632R,178498301,579795271,3.27,3.28,3.23,3.24,-0.05,8231
2024-10-16,00632R,189803293,623627040,3.3,3.31,3.26,3.28,0.04,5138
2024-10-17,00632R,76297515,250088012,3.27,3.3,3.26,3.27,-0.01,2836
2024-10-18,00632R,322619761,1032345054,3.2,3.22,3.18,3.21,-0.06,12043
2024-10-21,00632R,84416799,269980528,3.19,3.22,3.18,3.22,0.01,3303
2024-10-22,00632R,76628878,247214339,3.23,3.25,3.21,3.21,-0.01,2935
2024-10-23,00632R,81400922,263364994,3.23,3.25,3.22,3.24,0.03,2618
2024-10-24,00632R,87959588,285787090,3.24,3.27,3.23,3.26,0.02,3190
2024-10-25,00632R,51111886,165636038,3.25,3.25,3.23,3.24,-0.02,2020
2024-10-28,00632R,103844805,336329408,3.22,3.27,3.2,3.25,0.01,3140
2024-10-29,00632R,240310479,795549638,3.28,3.34,3.28,3.31,0.06,8145
2024-10-30,00632R,110425571,363680683,3.29,3.32,3.27,3.31,0.0,3401
2024-11-01,00632R,196814593,661110741,3.38,3.4,3.32,3.32,0.01,7013
2024-11-04,00632R,92889991,307242398,3.31,3.33,3.29,3.3,-0.02,3475
2024-11-05,00632R,112155879,368752939,3.32,3.32,3.26,3.28,-0.02,3379
2024-11-06,00632R,189415914,616309846,3.27,3.29,3.23,3.25,-0.03,5890
2024-11-07,00632R,198888715,642364528,3.25,3.27,3.21,3.22,-0.03,6145
2024-11-08,00632R,156974160,502018008,3.19,3.22,3.18,3.21,-0.01,6280
2024-11-11,00632R,99218918,320144015,3.21,3.25,3.2,3.21,0.0,3297
2024-11-12,00632R,208597144,682030384,3.26,3.29,3.25,3.29,0.08,7359
2024-11-13,00632R,117495723,387303171,3.3,3.31,3.28,3.3,0.01,3732
2024-11-14,00632R,157534665,523628679,3.31,3.35,3.3,3.32,0.02,5362
2024-11-15,00632R,76053152,251713402,3.31,3.33,3.29,3.31,-0.01,2610
2024-11-18,00632R,103398701,345191512,3.33,3.35,3.31,3.34,0.03,3518
2024-11-19,00632R,145761048,482407808,3.32,3.35,3.29,3.3,-0.04,3971
2024-11-20,00632R,117030207,387623072,3.29,3.33,3.28,3.31,0.01,2557
2024-11-21,00632R,128256421,429248425,3.34,3.36,3.33,3.35,0.04,3916
2024-11-22,00632R,140477707,462950244,3.32,3.32,3.28,3.29,-0.06,4300
2024-11-25,00632R,84277943,275482955,3.26,3.29,3.25,3.29,0.0,2575
2024-11-26,00632R,106836318,355790407,3.32,3.35,3.31,3.33,0.04,3034
2024-11-27,00632R,172599626,580572113,3.34,3.39,3.33,3.39,0.06,6641
2024-11-28,00632R,196911573,669604191,3.39,3.42,3.38,3.39,0.0,6351
2024-11-29,00632R,129484698,440374760,3.43,3.44,3.37,3.38,-0.01,4323
2024-12-02,00632R,195099787,648656331,3.35,3.36,3.31,3.31,-0.07,5859
2024-12-03,00632R,164723361,538540729,3.26,3.29,3.26,3.28,-0.03,10734
2024-12-11,00632R,21293145,490577333,23.09,23.14,22.94,23.12,0.16,6046
2024-12-12,00632R,24075906,550033414,22.9,22.9,22.78,22.88,-0.24,4075
2024-12-13,00632R,9709052,223036175,22.96,23.07,22.89,22.95,0.07,2502
2024-12-16,00632R,18770728,428488874,22.76,23.01,22.7,23.01,0.06,2804
2024-12-17,00632R,13100311,299121112,22.86,22.9,22.76,22.86,-0.15,2233
2024-12-18,00632R,19705049,450833066,22.93,23.02,22.77,22.83,-0.03,2346
2024-12-19,00632R,32967855,762784851,23.14,23.2,23.07,23.07,0.24,4947
2024-12-20,00632R,26962886,627219748,23.2,23.38,23.18,23.31,0.24,5162
2024-12-23,00632R,35014721,802865031,23.08,23.1,22.8,22.81,-0.5,6522
2024-12-24,00632R,12722264,288812599,22.68,22.79,22.66,22.78,-0.03,2658
2024-12-25,00632R,9844657,223393242,22.69,22.74,22.66,22.67,-0.11,2071
2024-12-26,00632R,6206458,140680760,22.65,22.71,22.64,22.66,-0.01,1129
2024-12-27,00632R,8493299,192515797,22.74,22.76,22.6,22.6,-0.06,1912
2024-12-30,00632R,8795021,199746060,22.69,22.78,22.65,22.77,0.17,1408
2024-12-31,00632R,16320278,374127395,22.89,22.98,22.86,22.9,0.13,2471
2025-01-02,00632R,22649670,523791590,22.99,23.26,22.96,23.15,0.25,4500
2025-01-03,00632R,17036537,390866408,22.93,23.06,22.87,22.96,-0.19,2409
2025-01-06,00632R,40861880,918992906,22.66,22.69,22.35,22.35,-0.61,8976
2025-01-07,00632R,22035812,486729543,22.05,22.18,22.02,22.17,-0.18,4637
2025-01-08,00632R,16810854,376027538,22.34,22.46,22.27,22.43,0.26,2806
2025-01-09,00632R,17200747,389322173,22.53,22.77,22.49,22.77,0.34,3640
2025-01-10,00632R,14242410,325228067,22.81,22.91,22.73,22.82,0.05,2699
2025-01-13,00632R,33133129,770547683,22.9,23.42,22.9,23.35,0.53,7506
2025-01-14,00632R,38047811,885340641,23.25,23.36,23.17,23.2,-0.15,3112
2025-01-15,00632R,15620684,363996600,23.17,23.4,23.17,23.37,0.17,2737
2025-01-16,00632R,29222714,668477476,22.95,22.97,22.76,22.93,-0.44,5887
2025-01-17,00632R,16478369,376766549,22.78,22.99,22.76,22.82,-0.11,2473
2025-01-20,00632R,34254208,774230821,22.71,22.71,22.53,22.6,-0.22,3644
2025-01-21,00632R,7365669,166544749,22.67,22.73,22.54,22.55,-0.05,1620
2025-01-22,00632R,20199392,450664010,22.37,22.39,22.25,22.27,-0.28,4750
2025-02-03,00632R,51396127,1192940970,23.12,23.29,23.08,23.24,0.97,8713
2025-02-04,00632R,17246910,397427041,23.02,23.17,22.97,23.15,-0.09,2823
2025-02-05,00632R,23706119,538199243,22.81,22.81,22.63,22.71,-0.44,5223
2025-02-06,00632R,13823765,312528977,22.59,22.67,22.53,22.65,-0.06,2471
2025-02-07,00632R,21101386,475649731,22.61,22.63,22.48,22.49,-0.16,4134
2025-02-10,00632R,18705823,423758040,22.61,22.74,22.58,22.67,0.18,2636
2025-02-11,00632R,14558631,327606283,22.52,22.61,22.43,22.56,-0.11,2720
2025-02-12,00632R,11804744,265516521,22.46,22.62,22.41,22.62,0.06,2391
2025-02-13,00632R,9488278,214174069,22.59,22.65,22.52,22.54,-0.08,1700
2025-02-14,00632R,31837139,722639663,22.64,22.78,22.64,22.73,0.19,3114
2025-02-17,00632R,31538414,709576862,22.62,22.62,22.43,22.45,-0.28,5162
2025-02-18,00632R,13430872,300819393,22.42,22.48,22.36,22.37,-0.08,3473
2025-02-19,00632R,12388856,276853916,22.38,22.39,22.31,22.35,-0.02,2385
2025-02-20,00632R,16847333,378809899,22.4,22.57,22.39,22.43,0.08,2369
2025-02-21,00632R,26271406,585885649,22.45,22.47,22.24,22.26,-0.17,5371
2025-02-24,00632R,20130681,451887959,22.47,22.5,22.4,22.4,0.14,2733
2025-02-25,00632R,32223513,731491069,22.66,22.79,22.62,22.65,0.25,4837
2025-02-26,00632R,17663090,401026899,22.76,22.83,22.56,22.56,-0.09,3017
2025-02-27,00632R,17337005,393850829,22.55,22.79,22.53,22.77,0.21,2892
2025-03-03,00632R,53503620,1243021140,23.14,23.31,23.14,23.22,0.45,7405
2025-03-04,00632R,36748744,864024940,23.63,23.65,23.3,23.36,0.14,5715
2025-03-05,00632R,26775489,619032046,23.15,23.23,23.04,23.09,-0.27,3660
2025-03-06,00632R,14100278,326632604,23.05,23.26,23.05,23.2,0.11,1945
2025-03-07,00632R,25196032,589850222,23.38,23.48,23.3,23.44,0.24,3818
2025-03-10,00632R,17215526,405484819,23.44,23.66,23.43,23.53,0.09,3297
2025-03-11,00632R,40090847,966683526,24.14,24.32,23.91,23.95,0.42,7970
2025-03-12,00632R,25363635,603412262,23.9,23.94,23.65,23.86,-0.09,4443
2025-03-13,00632R,24779178,589460925,23.55,24.06,23.52,24.04,0.18,4861
2025-03-14,00632R,36755207,883272342,24.0,24.14,23.96,24.04,0.0,4318
2025-03-17,00632R,22748399,541030107,23.79,23.88,23.67,23.85,-0.19,4056
2025-03-18,00632R,13975340,331218304,23.68,23.8,23.62,23.71,-0.14,2727
2025-03-19,00632R,17143686,409846492,23.75,24.03,23.73,23.98,0.27,3350
2025-03-20,00632R,26958657,637455661,23.75,23.76,23.55,23.58,-0.4,5947
2025-03-21,00632R,11293558,267773901,23.61,23.78,23.61,23.75,0.17,2272
2025-03-24,00632R,11280442,267751287,23.59,23.84,23.58,23.82,0.07,2027
2025-03-25,00632R,17616344,416034563,23.59,23.74,23.51,23.63,-0.19,3509
2025-03-26,00632R,10265622,242396703,23.58,23.7,23.53,23.62,-0.01,1841
2025-03-27,00632R,25960484,623261958,23.95,24.07,23.95,24.0,0.38,5308
2025-03-28,00632R,42435193,1034269777,24.22,24.52,24.21,24.4,0.4,9481
2025-03-31,00632R,79952368,2014232007,25.14,25.38,25.0,25.33,0.93,12454
2025-04-01,00632R,73736693,1837319113,25.13,25.19,24.75,24.8,-0.53,10811
2025-04-02,00632R,31557437,781082939,24.76,24.85,24.65,24.76,-0.04,5083
2025-04-07,00632R,14763155,402000249,27.23,27.23,27.23,27.23,2.47,3581
2025-04-08,00632R,288085226,8019487743,27.79,28.33,27.39,27.91,0.68,34166
2025-04-09,00632R,197814737,5688944662,28.25,29.72,27.94,29.58,1.67,32188
2025-04-10,00632R,11304675,301043160,26.63,26.63,26.63,26.63,-2.95,3074
2025-04-11,00632R,185858054,4931406847,27.17,27.58,25.72,25.72,-0.91,35329
2025-04-14,00632R,111206123,2831802498,25.29,25.84,25.13,25.83,0.11,16636
2025-04-15,00632R,59281277,1512905102,25.63,25.76,25.4,25.42,-0.41,11999
2025-04-16,00632R,68170059,1758031102,25.66,25.94,25.61,25.94,0.52,10854
2025-04-17,00632R,74416100,1939253304,26.0,26.27,25.86,25.98,0.04,11814
2025-04-18,00632R,41496372,1076294069,25.95,26.03,25.84,25.93,-0.05,5432
2025-04-21,00632R,52259651,1371858774,26.08,26.36,26.03,26.35,0.42,8003
2025-04-22,00632R,62058843,1648524220,26.6,26.73,26.39,26.68,0.33,10583
2025-04-23,00632R,80438164,2072577202,25.95,25.97,25.53,25.62,-1.06,16651
2025-04-24,00632R,37485501,960686122,25.51,25.8,25.47,25.74,0.12,7217
2025-04-25,00632R,79706478,1999658435,25.04,25.23,24.98,25.17,-0.57,12149
2025-04-28,00632R,37584928,940467680,25.01,25.11,24.96,25.03,-0.14,7406
2025-04-29,00632R,54055805,1345594067,25.04,25.08,24.78,24.82,-0.21,10172
2025-04-30,00632R,49231772,1223953991,24.88,24.94,24.72,24.9,0.08,9022
2025-05-02,00632R,116080785,2818637614,24.4,24.43,24.15,24.15,-0.75,21515
2025-05-05,00632R,113069154,2763467366,24.03,24.72,24.02,24.46,0.31,17416
2025-05-06,00632R,90597006,2224009808,24.67,24.74,24.43,24.59,0.13,10264
2025-05-07,00632R,95414004,2342579004,24.45,24.69,24.37,24.55,-0.04,9831
2025-05-08,00632R,69209267,1679125879,24.36,24.4,24.16,24.25,-0.3,11285
2025-05-09,00632R,69826950,1682260350,24.15,24.25,24.0,24.03,-0.22,10359
2025-05-12,00632R,48234533,1144188690,23.81,23.83,23.65,23.7,-0.33,9541
2025-05-13,00632R,67756061,1580329663,23.18,23.48,23.18,23.42,-0.28,10233
2025-05-14,00632R,107824493,2483745776,23.1,23.15,22.9,22.9,-0.52,18315
2025-05-15,00632R,32846304,754168314,22.96,23.04,22.9,22.97,0.07,5442
2025-05-16,00632R,36307317,832001803,23.0,23.03,22.83,22.87,-0.1,6128
2025-05-19,00632R,66104258,1525829584,23.01,23.21,22.96,23.18,0.31,9437
2025-05-20,00632R,31958634,738127395,22.98,23.22,22.98,23.15,-0.03,4612
2025-05-21,00632R,70763272,1624705629,23.1,23.1,22.85,22.88,-0.27,10354
2025-05-22,00632R,58931192,1363488623,23.1,23.21,23.06,23.12,0.24,6612
2025-05-23,00632R,64996651,1505867970,23.0,23.26,23.0,23.18,0.06,5801
2025-05-26,00632R,86935889,2017357287,23.17,23.25,23.12,23.23,0.05,12768
2025-05-27,00632R,123085956,2879398698,23.21,23.51,23.21,23.43,0.2,16647
2025-05-28,00632R,45778598,1065712551,23.16,23.49,23.09,23.36,-0.07,7975
2025-05-29,00632R,47141100,1093708298,23.02,23.32,23.02,23.29,-0.07,5934
2025-06-02,00632R,69271823,1643092534,23.6,23.86,23.56,23.79,0.5,9821
2025-06-03,00632R,76535839,1803520308,23.55,23.69,23.39,23.69,-0.1,9952
2025-06-04,00632R,98269732,2274364784,23.31,23.33,23.04,23.05,-0.64,17392
2025-06-05,00632R,41960067,964174504,22.97,23.06,22.89,23.03,-0.02,7042
2025-06-06,00632R,26204458,602616407,23.03,23.05,22.93,22.97,-0.06,3762
2025-06-09,00632R,34984968,799693860,22.81,22.94,22.8,22.86,-0.11,4605
2025-06-10,00632R,102454513,2300107103,22.7,22.7,22.3,22.39,-0.47,19436
2025-06-11,00632R,47914248,1065993231,22.25,22.35,22.18,22.2,-0.19,9210
2025-06-12,00632R,38947617,868139629,22.3,22.32,22.21,22.31,0.11,5840
2025-06-13,00632R,127334634,2870467975,22.53,22.64,22.41,22.59,0.28,12227
2025-06-16,00632R,63927634,1443998578,22.62,22.65,22.49,22.49,-0.1,4520
2025-06-17,00632R,77151110,1728772650,22.32,22.49,22.28,22.44,-0.05,4925
2025-06-18,00632R,65597344,1462705391,22.44,22.45,22.22,22.25,-0.19,11106
2025-06-19,00632R,33834209,759287025,22.34,22.5,22.33,22.49,0.24,5087
2025-06-20,00632R,68932205,1557706439,22.6,22.7,22.43,22.56,0.07,9342
2025-06-23,00632R,67336808,1536628768,22.89,22.95,22.69,22.69,0.13,8237
2025-06-24,00632R,68149523,1516395569,22.31,22.34,22.2,22.22,-0.47,10360
2025-06-25,00632R,75874943,1673988098,22.03,22.14,22.02,22.03,-0.19,12986
2025-06-26,00632R,76232131,1676803607,21.99,22.09,21.89,22.07,0.04,11748
2025-06-27,00632R,34412854,759904604,21.99,22.16,21.98,22.08,0.01,4119
2025-06-30,00632R,36487420,803293337,22.0,22.06,21.97,22.05,-0.03,5517
2025-07-01,00632R,92307079,2002856794,21.88,21.88,21.56,21.79,-0.26,15524
2025-07-02,00632R,24008237,523989056,21.88,21.92,21.74,21.75,-0.04,3675
2025-07-03,00632R,55032495,1182688103,21.53,21.55,21.45,21.46,-0.29,9915
2025-07-04,00632R,40873527,883104139,21.43,21.7,21.42,21.68,0.22,6045
2025-07-07,00632R,37457405,815949926,21.73,21.87,21.7,21.79,0.11,4837
2025-07-08,00632R,46991792,1028164500,21.85,21.96,21.81,21.85,0.06,6366
2025-07-09,00632R,40058633,871352542,21.93,21.93,21.65,21.7,-0.15,5237
2025-07-10,00632R,36250802,782246205,21.69,21.71,21.51,21.56,-0.14,6192
2025-07-11,00632R,36793497,789712609,21.56,21.58,21.4,21.4,-0.16,7040
2025-07-14,00632R,24998440,538779054,21.48,21.59,21.46,21.58,0.18,4020
2025-07-15,00632R,43228567,923529642,21.57,21.57,21.25,21.27,-0.31,8207
2025-07-16,00632R,63947150,1349065262,21.25,21.25,21.02,21.08,-0.19,10611
2025-07-17,00632R,42714879,896781265,21.02,21.13,20.91,20.91,-0.17,7451
2025-07-18,00632R,48573376,1005471159,20.65,20.76,20.65,20.7,-0.21,7152
2025-07-21,00632R,14909854,309640770,20.74,20.82,20.72,20.78,0.08,2599
2025-07-22,00632R,103143434,2149803695,20.75,20.97,20.6,20.96,0.18,11968
2025-07-23,00632R,99796976,2075875812,20.85,20.89,20.73,20.78,-0.18,6522
2025-07-24,00632R,18947446,392301639,20.69,20.76,20.67,20.7,-0.08,3481
2025-07-25,00632R,19592321,406125342,20.73,20.78,20.68,20.75,0.05,2481
2025-07-28,00632R,32807032,676807266,20.63,20.74,20.56,20.62,-0.13,4996
2025-07-29,00632R,38458655,800812290,20.68,20.95,20.66,20.86,0.24,5018
2025-07-30,00632R,36970023,763781117,20.69,20.79,20.6,20.63,-0.23,6329
2025-07-31,00632R,48067043,985722929,20.6,20.64,20.4,20.42,-0.21,9034
2025-08-01,00632R,67397939,1391964248,20.8,20.8,20.56,20.61,0.19,7242
2025-08-04,00632R,60240503,1254154309,20.84,20.93,20.72,20.73,0.12,6955
2025-08-05,00632R,42292677,867645829,20.54,20.6,20.47,20.48,-0.25,7357
2025-08-06,00632R,24849105,511578747,20.59,20.63,20.55,20.58,0.1,3075
2025-08-07,00632R,107108983,2156153615,20.26,20.26,20.05,20.08,-0.5,17964
2025-08-08,00632R,25730962,516781216,20.07,20.12,20.05,20.1,0.02,3681
2025-08-11,00632R,48234267,965376784,20.16,20.21,19.89,19.94,-0.16,8461
2025-08-12,00632R,28021573,558703161,19.95,20.0,19.87,19.91,-0.03,4535
2025-08-13,00632R,61340229,1215745306,19.8,19.94,19.74,19.8,-0.11,9748
2025-08-14,00632R,19199182,380738909,19.84,19.9,19.78,19.82,0.02,3747
2025-08-15,00632R,17283292,342519021,19.82,19.91,19.76,19.8,-0.02,3512
2025-08-18,00632R,28550549,563992313,19.88,19.89,19.69,19.71,-0.09,5904
2025-08-19,00632R,18980594,375437198,19.71,19.83,19.7,19.79,0.08,3564
2025-08-20,00632R,85029923,1715536209,19.98,20.34,19.97,20.31,0.52,13840
2025-08-21,00632R,49778678,1003060488,20.21,20.24,20.07,20.13,-0.18,6363
2025-08-22,00632R,28516955,576012800,20.1,20.27,20.09,20.24,0.11,4102
2025-08-25,00632R,69882484,1387393800,19.91,19.98,19.78,19.81,-0.43,11665
2025-08-26,00632R,21167643,420469472,19.89,19.94,19.79,19.82,0.01,3163
2025-08-27,00632R,41331962,812722091,19.72,19.73,19.62,19.63,-0.19,8962
2025-08-28,00632R,22946021,453147409,19.72,19.84,19.67,19.79,0.16,3833
2025-08-29,00632R,18773808,370672723,19.65,19.81,19.63,19.81,0.02,3178
2025-09-01,00632R,62570993,1251805463,19.91,20.13,19.82,20.05,0.24,8017
2025-09-02,00632R,63662753,1270957532,19.89,20.11,19.81,20.05,0.0,7219
2025-09-03,00632R,31876954,637767980,20.05,20.09,19.94,20.01,-0.04,3618
2025-09-04,00632R,48567856,962087880,19.82,19.91,19.72,19.9,-0.11,7867
2025-09-05,00632R,37521868,739775077,19.72,19.78,19.69,19.69,-0.21,7396
2025-09-08,00632R,42366576,827597454,19.54,19.59,19.48,19.54,-0.15,6990
2025-09-09,00632R,53048103,1029301925,19.45,19.49,19.34,19.37,-0.17,10464
2025-09-10,00632R,96036367,1837044996,19.24,19.25,19.04,19.05,-0.32,18043
2025-09-11,00632R,109925846,2081593648,18.93,19.07,18.85,19.03,-0.02,14517
2025-09-12,00632R,42808081,808877726,18.91,18.95,18.87,18.88,-0.15,7031
2025-09-15,00632R,23626905,447446431,18.89,19.0,18.89,18.93,0.05,3596
2025-09-16,00632R,55083592,1033429986,18.87,18.88,18.71,18.73,-0.2,9584
2025-09-17,00632R,22263714,419001726,18.79,18.86,18.75,18.85,0.12,3717
2025-09-18,00632R,38770063,725258778,18.76,18.82,18.65,18.65,-0.2,8261
2025-09-19,00632R,29202395,544518313,18.6,18.72,18.59,18.65,0.0,3870
2025-09-22,00632R,38188758,708977975,18.64,18.67,18.5,18.51,-0.14,6681
2025-09-23,00632R,78345121,1436293699,18.4,18.43,18.24,18.29,-0.22,13670
2025-09-24,00632R,42479155,778482798,18.27,18.41,18.25,18.31,0.02,5755
2025-09-25,00632R,26726550,489930334,18.35,18.39,18.26,18.36,0.05,3481
2025-09-26,00632R,86668008,1618448750,18.48,18.8,18.48,18.68,0.32,12131
2025-09-30,00632R,38232233,706379176,18.52,18.55,18.41,18.46,-0.22,6133
2025-10-01,00632R,56122294,1027793765,18.37,18.45,18.19,18.41,-0.05,9949
2025-10-02,00632R,65085047,1180365579,18.12,18.19,18.1,18.15,-0.26,10506
2025-10-03,00632R,69271041,1248323779,18.16,18.16,17.93,17.93,-0.22,12814
2025-10-07,00632R,94685413,1665758100,17.7,17.72,17.52,17.53,-0.4,15177
2025-10-08,00632R,39900989,706941108,17.73,17.8,17.65,17.65,0.12,6216
2025-10-09,00632R,35565386,622704567,17.47,17.56,17.47,17.54,-0.11,5963
2025-10-13,00632R,92517497,1655742934,18.0,18.02,17.76,17.77,0.23,11380
2025-10-14,00632R,76149380,1344634729,17.5,17.89,17.45,17.87,0.1,10833
2025-10-15,00632R,55883219,991639384,17.8,17.91,17.59,17.59,-0.28,8641
2025-10-16,00632R,81112104,1409133787,17.48,17.49,17.28,17.28,-0.31,14982
2025-10-17,00632R,44243519,773222523,17.48,17.53,17.42,17.52,0.24,6769
2025-10-20,00632R,55033867,952397024,17.39,17.46,17.25,17.26,-0.26,8628
2025-10-21,00632R,41505445,712618036,17.18,17.26,17.12,17.21,-0.05,7522
2025-10-22,00632R,36012997,623961687,17.34,17.4,17.24,17.26,0.05,5006
2025-10-23,00632R,35368485,615837926,17.47,17.48,17.35,17.39,0.13,4476
2025-10-27,00632R,63086837,1073227813,17.0,17.08,16.97,16.98,-0.41,11905
2025-10-28,00632R,36799848,627762090,17.01,17.12,17.01,17.09,0.11,4424
2025-10-29,00632R,47815163,807966202,16.96,16.97,16.85,16.86,-0.23,9407
2025-10-30,00632R,40302618,681038753,16.85,17.0,16.79,16.89,0.03,5660
2025-10-31,00632R,31716331,533345250,16.84,16.88,16.77,16.81,-0.08,5431
2025-11-03,00632R,24859965,419634927,16.84,16.96,16.76,16.93,0.12,4154
2025-11-04,00632R,40390073,683637624,16.83,17.05,16.77,17.05,0.12,7292
2025-11-05,00632R,107110564,1855969053,17.31,17.45,17.19,17.21,0.16,14197
2025-11-06,00632R,43851516,749449215,17.11,17.18,17.04,17.06,-0.15,6277
2025-11-07,00632R,51265557,885339015,17.23,17.34,17.21,17.28,0.22,7126
2025-11-10,00632R,35148857,603595720,17.17,17.28,17.08,17.11,-0.17,6003
2025-11-11,00632R,33080138,565107571,17.0,17.22,16.98,17.22,0.11,4587
2025-11-12,00632R,25812775,441650882,17.12,17.19,17.07,17.07,-0.15,4632
2025-11-13,00632R,26146277,447991759,17.16,17.21,17.08,17.1,0.03,3377
2025-11-14,00632R,67017220,1167134541,17.41,17.48,17.33,17.46,0.36,10630
2025-11-17,00632R,62081266,1078011734,17.31,17.43,17.29,17.42,-0.04,9709
2025-11-18,00632R,89995543,1592086157,17.6,17.83,17.52,17.78,0.36,14962
2025-11-19,00632R,71800501,1281816135,17.83,17.98,17.73,17.89,0.11,9936
2025-11-20,00632R,98533224,1717730485,17.45,17.56,17.37,17.37,-0.52,14843
2025-11-21,00632R,106696915,1911462328,17.82,18.03,17.82,17.94,0.57,15954
2025-11-24,00632R,56142148,1004489469,17.83,17.95,17.82,17.93,-0.01,5571
2025-11-25,00632R,55934339,988966795,17.62,17.8,17.58,17.73,-0.2,7580
2025-11-26,00632R,73757397,1288340067,17.54,17.54,17.41,17.44,-0.29,10311
2025-11-27,00632R,58851058,1017772696,17.31,17.35,17.25,17.27,-0.17,9127
2025-11-28,00632R,73072091,1255479831,17.25,17.27,17.1,17.12,-0.15,9815
2025-12-01,00632R,42971727,742456725,17.23,17.36,17.19,17.36,0.24,5458
2025-12-02,00632R,31043756,534361329,17.2,17.3,17.13,17.3,-0.06,4994
2025-12-03,00632R,41247466,706516677,17.12,17.19,17.08,17.16,-0.14,5549
2025-12-04,00632R,17690777,303148661,17.11,17.2,17.08,17.15,-0.01,3031
2025-12-05,00632R,41753783,712417145,17.14,17.15,17.01,17.01,-0.14,6451
2025-12-08,00632R,62124547,1048487087,16.95,16.97,16.82,16.82,-0.19,9633
2025-12-09,00632R,19597160,330019223,16.79,16.88,16.79,16.86,0.04,3122
2025-12-10,00632R,27279653,458093371,16.83,16.86,16.75,16.77,-0.09,5325
2025-12-11,00632R,65904876,1112160200,16.7,16.96,16.7,16.95,0.18,6890
2025-12-12,00632R,78898525,1328219843,16.81,16.89,16.78,16.82,-0.13,4690
2025-12-15,00632R,106342425,1811489977,17.05,17.11,16.98,17.01,0.19,6892
2025-12-16,00632R,109301797,1884232096,17.15,17.34,17.14,17.2,0.19,11148
2025-12-17,00632R,29648498,510291804,17.19,17.29,17.14,17.27,0.07,4083
2025-12-18,00632R,42259179,731976515,17.33,17.38,17.24,17.29,0.02,5119
2025-12-19,00632R,39183364,670848233,17.16,17.17,17.06,17.1,-0.19,5956
2025-12-22,00632R,46289373,781063127,16.89,16.94,16.83,16.87,-0.23,7607
2025-12-23,00632R,25552177,429603284,16.83,16.84,16.78,16.82,-0.05,4034
2025-12-24,00632R,17239449,289204969,16.74,16.82,16.73,16.79,-0.03,3167
2025-12-26,00632R,40766822,680057636,16.7,16.74,16.64,16.65,-0.14,7826
2025-12-29,00632R,58450454,965875789,16.62,16.64,16.47,16.49,-0.16,9765
2025-12-30,00632R,28235250,467705192,16.59,16.62,16.49,16.52,0.03,3454
2025-12-31,00632R,29217067,481621194,16.57,16.57,16.44,16.46,-0.06,5270
2026-01-02,00632R,72159276,1175028483,16.42,16.44,16.18,16.18,-0.28,13256
2026-01-05,00632R,135144074,2136855794,15.98,15.98,15.65,15.73,-0.45,22273
2026-01-06,00632R,52454408,821013675,15.79,15.79,15.56,15.57,-0.16,9675
2026-01-07,00632R,33805268,527501659,15.6,15.66,15.55,15.6,0.03,5656
2026-01-08,00632R,35084087,548531001,15.68,15.7,15.56,15.63,0.03,4848
2026-01-09,00632R,52091332,819904261,15.69,15.87,15.6,15.66,0.03,7462
2026-01-12,00632R,34379106,533863608,15.51,15.59,15.49,15.54,-0.12,5746
2026-01-13,00632R,57127827,882751113,15.36,15.57,15.34,15.48,-0.06,7620
2026-01-14,00632R,51360301,789332417,15.4,15.41,15.31,15.39,-0.09,8966
2026-01-15,00632R,28715306,443592163,15.46,15.49,15.39,15.39,0.0,4480
2026-01-16,00632R,89934537,1366989587,15.23,15.31,15.12,15.12,-0.27,15516
2026-01-19,00632R,75518474,1141980204,15.13,15.24,15.0,15.03,-0.09,9097
2026-01-20,00632R,28880456,435374534,15.17,15.18,15.01,15.04,0.01,4931
2026-01-21,00632R,76064263,1153197744,15.18,15.23,15.04,15.19,0.15,9923
2026-01-22,00632R,65812461,985307431,15.0,15.03,14.91,14.99,-0.2,10037
2026-01-23,00632R,40858007,609303302,14.92,15.01,14.87,14.89,-0.1,7106
2026-01-26,00632R,26380416,392368101,14.89,14.91,14.84,14.88,-0.01,4096
2026-01-27,00632R,57264293,845192600,14.81,14.86,14.71,14.71,-0.17,9129
2026-01-28,00632R,56344754,821705720,14.61,14.63,14.52,14.52,-0.19,9159
2026-01-29,00632R,60569425,884089120,14.48,14.66,14.47,14.62,0.1,6900
2026-01-30,00632R,77103686,1141003272,14.71,14.89,14.7,14.82,0.2,10399
2026-02-02,00632R,117102110,1768282556,15.04,15.2,14.97,15.11,0.29,15385
2026-02-03,00632R,72742387,1077603105,14.73,14.93,14.73,14.8,-0.31,8495
2026-02-04,00632R,43904194,648720637,14.9,14.9,14.71,14.73,-0.07,5983
2026-02-05,00632R,68934299,1029494989,14.88,15.0,14.84,15.0,0.27,8018
2026-02-06,00632R,103310928,1564276463,15.15,15.27,14.98,15.06,0.06,12385
2026-02-09,00632R,68568983,1002324605,14.57,14.68,14.57,14.62,-0.44,9844
2026-02-10,00632R,80809330,1165865801,14.51,14.51,14.36,14.36,-0.26,12682
2026-02-11,00632R,87739271,1243585395,14.33,14.33,14.09,14.13,-0.23,14903
2026-02-23,00632R,82789746,1157314420,14.01,14.13,13.87,14.12,-0.01,11349
2026-02-24,00632R,160189303,2211492515,14.0,14.0,13.67,13.68,-0.44,23476
2026-02-25,00632R,124940176,1685587599,13.58,13.63,13.36,13.44,-0.24,18702
2026-02-26,00632R,58617623,787211150,13.47,13.52,13.36,13.41,-0.03,8009
2026-03-02,00632R,81857568,1108957033,13.68,13.68,13.46,13.54,0.13,9956
2026-03-03,00632R,129287755,1777213523,13.56,13.88,13.52,13.88,0.34,16527
2026-03-04,00632R,223646486,3205857175,14.13,14.5,14.13,14.5,0.62,29185
2026-03-05,00632R,164230747,2307270698,13.99,14.27,13.86,14.15,-0.35,19489
2026-03-06,00632R,86942014,1231343878,14.24,14.28,14.04,14.12,-0.03,9570
2026-03-09,00632R,215878320,3226833829,14.99,15.05,14.82,14.82,0.7,23810
2026-03-10,00632R,160440570,2310400921,14.3,14.65,14.24,14.48,-0.34,17108
2026-03-11,00632R,183168327,2569432676,14.22,14.25,13.87,13.89,-0.59,24917
2026-03-12,00632R,88627794,1249839615,14.06,14.19,13.95,14.15,0.26,10690
2026-03-13,00632R,95566573,1363071776,14.44,14.44,14.13,14.2,0.05,11027
2026-03-16,00632R,74795615,1061920877,14.07,14.33,14.05,14.23,0.03,7343
2026-03-17,00632R,71874644,1006693423,14.05,14.06,13.94,13.99,-0.24,9145
2026-03-18,00632R,88053241,1213590008,13.78,13.88,13.74,13.75,-0.24,11117
2026-03-19,00632R,72435701,1014681748,13.99,14.09,13.93,14.08,0.33,9823
2026-03-20,00632R,73920862,1042427479,14.0,14.19,13.98,14.12,0.04,7737
2026-03-23,00632R,125416903,1821588737,14.6,14.6,14.41,14.52,0.4,14104
2026-03-24,00632R,114773471,1657305833,14.22,14.65,14.22,14.51,-0.01,12265
2026-03-25,00632R,107611957,1515358880,14.07,14.17,14.02,14.1,-0.41,11443
2026-03-26,00632R,101337032,1425574341,14.04,14.19,13.94,14.19,0.09,11015
2026-03-27,00632R,116490803,1673219343,14.41,14.47,14.23,14.24,0.05,11170
2026-03-30,00632R,144544120,2106219962,14.57,14.66,14.47,14.52,0.28,12602
2026-03-31,00632R,174584121,2572654905,14.64,14.86,14.58,14.82,0.3,17591
2026-04-01,00632R,198369724,2825133777,14.3,14.38,14.14,14.14,-0.68,22227
2026-04-02,00632R,138133676,1978289969,14.06,14.49,14.04,14.49,0.35,15258
2026-04-07,00632R,101263348,1439801952,14.2,14.31,14.14,14.23,-0.26,10229
2026-04-08,00632R,224181313,3033884291,13.63,13.67,13.42,13.44,-0.79,28220
2026-04-09,00632R,71636376,967002608,13.47,13.54,13.46,13.47,0.03,6424
2026-04-10,00632R,106047694,1407767186,13.33,13.35,13.23,13.23,-0.24,14858
2026-04-13,00632R,55637211,737476867,13.28,13.29,13.2,13.25,0.02,6105
2026-04-14,00632R,116360369,1508288476,13.01,13.05,12.89,12.89,-0.36,18536
2026-04-15,00632R,106703379,1358041873,12.76,12.8,12.65,12.78,-0.11,15231
2026-04-16,00632R,69512650,881380485,12.68,12.75,12.62,12.63,-0.15,10696
2026-04-17,00632R,58273982,739965762,12.7,12.74,12.65,12.71,0.08,6129
2026-04-20,00632R,67383589,848377568,12.65,12.67,12.54,12.62,-0.09,9554
2026-04-21,00632R,100081921,1244362527,12.47,12.55,12.38,12.4,-0.22,14726
2026-04-22,00632R,67367582,832838128,12.44,12.44,12.31,12.35,-0.05,9128
2026-04-23,00632R,260964146,3234232328,12.2,12.63,12.08,12.48,0.13,28792
2026-04-24,00632R,239041239,2906548717,12.3,12.31,12.02,12.02,-0.46,29534
2026-04-27,00632R,231844847,2720718634,11.79,11.8,11.66,11.71,-0.31,23007
2026-04-28,00632R,86515811,1018226157,11.8,11.84,11.69,11.82,0.11,8822
2026-04-29,00632R,90401948,1079655948,11.95,12.03,11.85,11.93,0.11,10037
2026-04-30,00632R,104448274,1244878454,11.85,12.01,11.82,11.98,0.05,8706
2026-05-04,00632R,243448810,2816068794,11.7,11.73,11.46,11.46,-0.52,27255
2026-05-05,00632R,63375122,727319198,11.51,11.53,11.44,11.45,-0.01,7003
2026-05-06,00632R,154687617,1750835399,11.28,11.47,11.2,11.32,-0.13,16354
2026-05-07,00632R,141849322,1577642366,11.14,11.19,11.08,11.09,-0.23,17639
2026-05-08,00632R,103092898,1154162464,11.16,11.3,11.1,11.19,0.1,10867
2026-05-11,00632R,54415082,607755355,11.21,11.23,11.13,11.16,-0.03,6696
2026-05-12,00632R,92874026,1039119629,11.11,11.29,11.09,11.21,0.05,8705
2026-05-13,00632R,121900116,1383988685,11.37,11.41,11.28,11.31,0.1,12250
2026-05-14,00632R,91702475,1030036706,11.16,11.32,11.12,11.32,0.01,7904
2026-05-15,00632R,149413574,1682809428,11.12,11.46,11.07,11.46,0.14,15257
2026-05-18,00632R,148949849,1721978275,11.6,11.66,11.45,11.47,0.01,13396
2026-05-19,00632R,124759373,1447061008,11.52,11.68,11.47,11.66,0.19,12371
2026-05-20,00632R,152124448,1781299689,11.67,11.78,11.62,11.73,0.07,11666
2026-05-21,00632R,163879770,1862499942,11.45,11.48,11.29,11.29,-0.44,17461
2026-05-22,00632R,120549870,1345949351,11.21,11.26,11.08,11.08,-0.21,16101
2026-05-25,00632R,183839905,1975286517,10.84,10.84,10.68,10.68,-0.4,20422
2026-05-26,00632R,76270907,817041106,10.64,10.78,10.62,10.72,0.04,7658
2026-05-27,00632R,194474864,2039374061,10.53,10.6,10.4,10.5,-0.22,20956
2026-05-28,00632R,193495030,2049638387,10.42,10.81,10.38,10.73,0.23,18796
2026-05-29,00632R,169913997,1769912980,10.47,10.53,10.33,10.35,-0.38,19345
2026-06-01,00632R,168580833,1723118348,10.32,10.32,10.13,10.22,-0.13,17415
2026-06-02,00632R,142779130,1465220541,10.21,10.36,10.18,10.19,-0.03,12327
2026-06-03,00632R,139997820,1406904342,10.06,10.1,10.01,10.02,-0.17,15417
2026-06-04,00632R,104630701,1059579139,10.13,10.18,10.08,10.14,0.12,9661
2026-06-05,00632R,202634893,2099480570,10.28,10.5,10.26,10.37,0.23,19166
2026-06-08,00632R,312368578,3400405997,11.06,11.06,10.75,10.77,0.4,30664
2026-06-09,00632R,183724736,1944022336,10.66,10.74,10.47,10.49,-0.28,18815
2026-06-10,00632R,236424303,2527191078,10.63,10.83,10.52,10.82,0.33,22060
2026-06-11,00632R,310306363,3381680128,10.84,11.08,10.75,10.83,0.01,25803
2026-06-12,00632R,171691254,1804862698,10.39,10.6,10.38,10.55,-0.28,14308
2026-06-15,00632R,137325376,1405077428,10.26,10.29,10.16,10.23,-0.32,14284
2026-06-16,00632R,120672457,1231326039,10.17,10.27,10.15,10.19,-0.04,11477
2026-06-17,00632R,131559786,1349356294,10.29,10.34,10.16,10.16,-0.03,11833
2026-06-18,00632R,143445480,1444584367,10.1,10.11,10.03,10.03,-0.13,16530
2026-06-22,00632R,273674962,2665758230,9.85,9.85,9.65,9.65,-0.38,30324
