代碼,引擎,進場日,進場價,出場日,出場價,天數,損益%,損益金,原因
3443,main,20221208,763,20221226,698,18,-8.96%,-11161,停損
1342,backup,20221223,132,20221227,122,4,-7.99%,-9987,停損
6472,main,20221208,388,20230214,477,68,22.65%,28307,停利
1476,backup,20221230,496,20230314,456,74,-8.52%,-10605,停損
1513,backup,20221230,67,20230316,93,76,38.25%,47798,停利
2388,backup,20230317,90,20230329,83,12,-7.68%,-9601,停損
1590,backup,20230217,1060,20230420,1120,62,5.22%,6480,停利
6472,main,20230223,510,20230420,789,56,54.26%,67622,停利
3680,main,20230330,366,20230421,339,22,-7.69%,-9602,停損
1752,backup,20230508,78,20230511,70,3,-9.86%,-12323,停損
4763,main,20230421,435,20230529,550,38,25.99%,32386,停利
2228,backup,20230317,80,20230615,96,90,19.73%,24658,到期
1319,backup,20230512,48,20230627,51,46,7.14%,8918,停利
1795,main,20230530,328,20230703,299,34,-9.42%,-11748,停損
2236,backup,20230714,67,20230724,62,10,-7.79%,-9734,停損
1476,backup,20230428,488,20230727,545,90,11.35%,14188,到期
1560,backup,20230627,124,20230731,138,34,11.25%,14055,停利
3035,main,20230727,331,20230802,281,6,-15.55%,-19430,停損
4763,main,20230802,841,20230810,750,8,-11.26%,-14039,停損
3035,main,20230804,282,20230818,328,14,16.08%,20076,停利
2645,backup,20230818,114,20230905,124,18,7.42%,9271,停利
1477,backup,20230627,270,20230920,318,85,17.12%,21376,停利
1210,backup,20230811,54,20231109,53,90,-2.85%,-3556,到期
1476,backup,20230811,513,20231109,593,90,15.15%,18915,到期
3661,main,20231116,3090,20231219,3310,33,6.68%,8265,停利
3592,main,20230921,364,20231220,392,90,7.11%,8867,到期
8016,main,20230921,284,20231220,279,90,-2.38%,-2965,到期
6531,main,20231123,445,20240124,498,62,11.47%,14309,停利
6531,main,20240125,494,20240222,450,28,-9.35%,-11655,停損
1519,main,20231221,318,20240227,528,68,65.33%,81479,停利
6515,main,20240105,789,20240308,731,63,-7.79%,-9729,停損
6462,main,20240311,250,20240313,231,2,-7.86%,-9816,停損
2404,backup,20231229,264,20240314,378,76,42.47%,52983,停利
2376,main,20240223,342,20240314,318,20,-7.74%,-9665,停損
3406,main,20240307,402,20240408,468,32,16.24%,20248,停利
1342,backup,20240409,132,20240419,123,10,-7.61%,-9515,停損
1795,main,20240422,313,20240507,286,15,-9.23%,-11513,停損
1339,backup,20240315,66,20240513,72,59,8.47%,10584,停利
2404,main,20240508,383,20240513,355,5,-7.75%,-9665,停損
1216,backup,20240322,75,20240620,81,90,6.98%,8728,到期
1319,backup,20240322,118,20240620,118,90,-0.87%,-1082,到期
6231,main,20240621,384,20240711,477,20,23.94%,29878,停利
3413,main,20240516,313,20240712,364,57,15.85%,19775,停利
8996,main,20240523,478,20240715,409,53,-14.88%,-18588,停損
1519,backup,20240712,907,20240726,775,14,-15.00%,-18660,停損
1476,backup,20240712,540,20240805,490,24,-9.70%,-12119,停損
1477,backup,20240730,445,20240805,382,6,-14.60%,-18217,停損
1513,backup,20240802,179,20240805,162,3,-10.22%,-12768,停損
1736,backup,20240809,112,20240813,102,4,-8.51%,-10638,停損
5904,main,20240621,500,20240919,538,90,7.16%,8924,到期
2250,backup,20240816,95,20240926,103,41,8.21%,10254,停利
2236,backup,20240816,103,20240930,107,45,3.44%,4298,停利
2207,backup,20240809,601,20241009,642,61,6.38%,7948,停利
1773,backup,20240927,180,20241016,166,19,-7.94%,-9922,停損
3081,main,20241011,352,20241028,324,17,-8.40%,-10478,停損
3583,main,20241017,492,20241028,449,11,-9.27%,-11573,停損
2317,backup,20241104,214,20241127,196,23,-8.62%,-10770,停損
1442,backup,20240927,68,20241212,76,76,12.26%,15319,停利
1476,backup,20241025,547,20241219,498,55,-9.49%,-11855,停損
2049,backup,20241104,233,20250103,303,60,29.60%,36951,停利
3491,main,20241220,316,20250207,402,49,26.61%,33268,停利
2404,main,20241128,413,20250214,448,78,8.03%,10032,停利
2383,main,20241219,617,20250310,571,81,-7.90%,-9858,停損
3491,main,20250210,402,20250324,441,42,9.40%,11711,停利
3592,main,20250217,384,20250328,354,39,-8.50%,-10610,停損
8299,main,20250113,471,20250331,526,77,11.23%,14043,停利
6643,main,20250311,689,20250331,582,20,-15.97%,-19947,停損
3563,main,20250325,547,20250331,470,6,-14.43%,-18020,停損
7722,main,20250331,630,20250407,565,7,-10.76%,-13441,停損
3563,main,20250401,470,20250408,400,7,-15.32%,-19129,停損
2466,backup,20250425,102,20250428,94,3,-9.22%,-11521,停損
7722,main,20250408,509,20250602,567,55,10.95%,13678,停利
1319,backup,20250602,132,20250606,122,4,-8.02%,-10016,停損
2207,backup,20250516,629,20250613,583,28,-7.76%,-9673,停損
1319,backup,20250606,122,20250616,110,10,-9.87%,-12334,停損
2753,backup,20250418,184,20250623,172,66,-7.49%,-9353,停損
4749,main,20250619,646,20250704,596,15,-8.18%,-10216,停損
2756,backup,20250509,98,20250708,104,60,5.17%,6459,停利
3131,main,20250718,1650,20250724,1530,6,-7.72%,-9561,停損
1560,main,20250724,346,20250801,314,8,-9.70%,-12121,停損
3131,main,20250725,1540,20250804,1415,10,-8.56%,-10692,停損
3017,main,20250619,741,20250819,1070,61,43.96%,54799,停利
5536,main,20250807,543,20250903,854,27,56.83%,70769,停利
3131,main,20250805,1390,20250926,1485,52,6.39%,7919,停利
6510,main,20250916,1385,20251003,1785,17,28.44%,35499,停利
4749,main,20250707,588,20251007,890,92,50.92%,63563,到期
6531,main,20250930,340,20251013,360,13,5.43%,6778,停利
3406,main,20250821,440,20251014,406,54,-8.27%,-10330,停損
1476,backup,20251007,446,20251030,413,23,-7.84%,-9772,停損
1504,backup,20251014,104,20251117,97,34,-7.56%,-9446,停損
1477,backup,20251007,276,20251231,288,85,4.28%,5344,停利
