date,value,n_positions,cash
20170103,500000.0,0,500000.0
20170104,500000.0,0,500000.0
20170105,500000.0,0,500000.0
20170106,500000.0,0,500000.0
20170109,500000.0,0,500000.0
20170110,500000.0,0,500000.0
20170111,500000.0,0,500000.0
20170112,500000.0,0,500000.0
20170113,500000.0,0,500000.0
20170116,500000.0,0,500000.0
20170117,500000.0,0,500000.0
20170118,500000.0,0,500000.0
20170119,500000.0,0,500000.0
20170120,500000.0,0,500000.0
20170123,500000.0,0,500000.0
20170124,500000.0,0,500000.0
20171201,500000.0,0,500000.0
20171204,500000.0,0,500000.0
20171205,500000.0,0,500000.0
20171206,500000.0,0,500000.0
20171207,500000.0,0,500000.0
20171208,500000.0,0,500000.0
20171211,500000.0,0,500000.0
20171212,500000.0,0,500000.0
20171213,500000.0,0,500000.0
20171214,500000.0,0,500000.0
20171215,500000.0,0,500000.0
20171218,500000.0,0,500000.0
20171219,500000.0,0,500000.0
20171220,500000.0,0,500000.0
20171221,500000.0,0,500000.0
20171222,500000.0,0,500000.0
20171225,500000.0,0,500000.0
20171226,500000.0,0,500000.0
20171227,500000.0,0,500000.0
20171228,500000.0,0,500000.0
20171229,500000.0,0,500000.0
20250102,500000.0,0,500000.0
20250103,500000.0,0,500000.0
20250106,500000.0,0,500000.0
20250107,500000.0,0,500000.0
20250109,500000.0,0,500000.0
20250110,500000.0,0,500000.0
20250113,500000.0,0,500000.0
20250114,500000.0,0,500000.0
20250115,500000.0,0,500000.0
20250116,500000.0,0,500000.0
20250117,500000.0,0,500000.0
20250120,500000.0,0,500000.0
20250121,500000.0,0,500000.0
20250122,500000.0,0,500000.0
20250203,500000.0,0,500000.0
20250204,500000.0,0,500000.0
20250205,500000.0,0,500000.0
20250206,500000.0,0,500000.0
20250207,500000.0,0,500000.0
20250210,500000.0,0,500000.0
20250211,500000.0,0,500000.0
20250212,500000.0,0,500000.0
20250213,500000.0,0,500000.0
20250214,500000.0,0,500000.0
20250217,500000.0,0,500000.0
20250218,500000.0,0,500000.0
20250219,500000.0,0,500000.0
20250220,500000.0,0,500000.0
20250221,500000.0,0,500000.0
20250224,500000.0,0,500000.0
20250225,500000.0,0,500000.0
20250226,500000.0,0,500000.0
20250227,500000.0,0,500000.0
20250303,500000.0,0,500000.0
20250304,500000.0,0,500000.0
20250305,500000.0,0,500000.0
20250306,500000.0,0,500000.0
20250307,500000.0,0,500000.0
20250310,500000.0,0,500000.0
20250311,500000.0,0,500000.0
20250312,500000.0,0,500000.0
20250313,500000.0,0,500000.0
20250314,500000.0,0,500000.0
20250317,500000.0,0,500000.0
20250318,500000.0,0,500000.0
20250319,500000.0,0,500000.0
20250320,500000.0,0,500000.0
20250321,500000.0,0,500000.0
20250324,500000.0,0,500000.0
20250325,500000.0,0,500000.0
20250326,500000.0,0,500000.0
20250327,500000.0,0,500000.0
20250328,500000.0,0,500000.0
20250331,500000.0,0,500000.0
20250401,500000.0,0,500000.0
20250402,500000.0,0,500000.0
20250407,500000.0,0,500000.0
20250408,500000.0,0,500000.0
20250409,500000.0,0,500000.0
20250410,500000.0,0,500000.0
20250411,500000.0,0,500000.0
20250414,500000.0,0,500000.0
20250415,500000.0,0,500000.0
20250416,500000.0,0,500000.0
20250417,500000.0,0,500000.0
20250418,500000.0,0,500000.0
20250421,500000.0,0,500000.0
20250422,500000.0,0,500000.0
20250423,500000.0,0,500000.0
20250424,500000.0,0,500000.0
20250425,500000.0,0,500000.0
20250428,500000.0,0,500000.0
20250429,500000.0,0,500000.0
20250430,500000.0,0,500000.0
20250502,500000.0,0,500000.0
20250505,499822.78414999996,1,375460.78414999996
20250506,499633.78414999996,1,375460.78414999996
20250507,498877.78414999996,1,375460.78414999996
20250508,501712.78414999996,1,375460.78414999996
20250509,502090.78414999996,1,375460.78414999996
20250512,507949.78414999996,1,375460.78414999996
20250513,502468.78414999996,1,375460.78414999996
20250514,503035.78414999996,1,375460.78414999996
20250515,504169.78414999996,1,375460.78414999996
20250516,505303.78414999996,1,375460.78414999996
20250519,500022.73039999994,2,250332.73039999994
20250520,502353.73039999994,2,250332.73039999994
20250521,506574.73039999994,2,250332.73039999994
20250522,506679.73039999994,2,250332.73039999994
20250523,510774.73039999994,2,250332.73039999994
20250526,519090.73039999994,2,250332.73039999994
20250527,518817.73039999994,2,250332.73039999994
20250528,521211.73039999994,2,250332.73039999994
20250529,530787.7304,2,250332.73039999994
20250602,526451.6453,3,125182.64529999995
20250603,534359.6453,3,125182.64529999995
20250604,543858.6453,3,125182.64529999995
20250605,545678.6453,3,125182.64529999995
20250606,548554.6453,3,125182.64529999995
20250609,551387.4893,4,685.4892999999429
20250610,569580.4893,4,685.4892999999429
20250611,578317.4893,4,685.4892999999429
20250612,581642.4893,4,685.4892999999429
20250613,580154.4893,4,685.4892999999429
20250616,580255.4893,4,685.4892999999429
20250617,593263.4893,4,685.4892999999429
20250618,584348.4893,4,685.4892999999429
20250619,581615.4893,4,685.4892999999429
20250620,575341.4893,4,685.4892999999429
20250623,583313.4893,4,685.4892999999429
20250624,594484.4893,4,685.4892999999429
20250625,596573.4893,4,685.4892999999429
20250626,586279.4893,4,685.4892999999429
20250627,589014.4893,4,685.4892999999429
20250630,604037.4893,4,685.4892999999429
20250701,603885.4893,4,685.4892999999429
20250702,602543.4893,4,685.4892999999429
20250703,623775.4893,4,685.4892999999429
20250704,629460.4893,4,685.4892999999429
20250707,614137.4893,4,685.4892999999429
20250708,608613.9174249999,3,125007.91742499995
20250709,619376.9174249999,3,125007.91742499995
20250710,629345.9174249999,3,125007.91742499995
20250711,617531.9174249999,3,125007.91742499995
20250714,624566.9174249999,3,125007.91742499995
20250715,631970.9174249999,3,125007.91742499995
20250716,639425.9174249999,3,125007.91742499995
20250717,636070.9174249999,3,125007.91742499995
20250718,646731.9174249999,3,125007.91742499995
20250721,645529.1130499999,4,55.11304999994172
20250722,626194.1130499999,4,55.11304999994172
20250723,625009.1130499999,4,55.11304999994172
20250724,627930.1130499999,4,55.11304999994172
20250725,621828.4247999999,3,190100.42479999992
20250728,625802.5848,4,65122.584799999924
20250729,625584.5848,4,65122.584799999924
20250730,629740.5848,4,65122.584799999924
20250731,633690.4666749999,3,178543.46667499992
20250801,631528.4666749999,3,178543.46667499992
20250804,630552.8033749999,4,53689.803374999916
20250805,641842.8033749999,4,53689.803374999916
20250806,643464.8033749999,4,53689.803374999916
20250807,665938.8033749999,4,53689.803374999916
20250808,667369.8033749999,4,53689.803374999916
20250811,665246.8033749999,4,53689.803374999916
20250812,665589.8033749999,4,53689.803374999916
20250813,667389.8033749999,4,53689.803374999916
20250814,653685.8033749999,4,53689.803374999916
20250815,650560.8033749999,4,53689.803374999916
20250818,669562.8033749999,4,53689.803374999916
20250819,653820.8033749999,4,53689.803374999916
20250820,632046.9071249999,3,263805.9071249999
20250821,637539.9071249999,3,263805.9071249999
20250822,631761.7707499999,2,379705.7707499999
20250825,636130.1537499999,3,256290.1537499999
20250826,634346.1537499999,3,256290.1537499999
20250827,640135.1537499999,3,256290.1537499999
20250828,639851.1537499999,3,256290.1537499999
20250829,638682.1537499999,3,256290.1537499999
20250901,631220.0857499999,4,131152.0857499999
20250902,627198.0857499999,4,131152.0857499999
20250903,632062.0857499999,4,131152.0857499999
20250904,635490.0857499999,4,131152.0857499999
20250905,642137.0857499999,4,131152.0857499999
20250908,646942.0491,5,6036.0490999999165
20250909,642725.0491,5,6036.0490999999165
20250910,643656.0491,5,6036.0490999999165
20250911,637383.0491,5,6036.0490999999165
20250912,627352.4663499999,3,239030.46634999992
20250915,625132.4663499999,3,239030.46634999992
20250916,632316.4663499999,3,239030.46634999992
20250917,640990.4663499999,3,239030.46634999992
20250918,637684.4663499999,3,239030.46634999992
20250919,634177.4663499999,3,239030.46634999992
20250922,636316.4663499999,3,239030.46634999992
20250923,632044.4663499999,3,239030.46634999992
20250924,630616.4663499999,3,239030.46634999992
20250925,628663.4663499999,3,239030.46634999992
20250926,619133.2405499999,1,498493.2405499999
20250930,620693.2405499999,1,498493.2405499999
20251001,620953.2405499999,1,498493.2405499999
20251002,621213.2405499999,1,498493.2405499999
20251003,622513.2405499999,1,498493.2405499999
20251007,628917.2506124999,3,248319.75061249986
20251008,623014.7506124999,3,248319.75061249986
20251009,618994.7506124999,3,248319.75061249986
20251013,606817.2506124999,3,248319.75061249986
20251014,592435.2714874998,0,592435.2714874998
20251015,592435.2714874998,0,592435.2714874998
20251016,592435.2714874998,0,592435.2714874998
20251017,592435.2714874998,0,592435.2714874998
20251020,592435.2714874998,0,592435.2714874998
20251021,592435.2714874998,0,592435.2714874998
20251022,592435.2714874998,0,592435.2714874998
20251023,592435.2714874998,0,592435.2714874998
20251027,592435.2714874998,0,592435.2714874998
20251028,592435.2714874998,0,592435.2714874998
20251029,592435.2714874998,0,592435.2714874998
20251030,592435.2714874998,0,592435.2714874998
20251031,592435.2714874998,0,592435.2714874998
20251103,592080.3203749999,2,342991.82037499984
20251104,593626.8203749999,2,342991.82037499984
20251105,593008.8203749999,2,342991.82037499984
20251106,593169.3203749999,2,342991.82037499984
20251107,584491.8203749999,2,342991.82037499984
20251110,585595.8203749999,2,342991.82037499984
20251111,583149.3203749999,2,342991.82037499984
20251112,590098.8203749999,2,342991.82037499984
20251113,585309.1358749998,1,456427.6358749998
20251114,584025.1358749998,1,456427.6358749998
20251117,588519.1358749998,1,456427.6358749998
20251118,580654.6358749998,1,456427.6358749998
20251119,580975.6358749998,1,456427.6358749998
20251120,589963.6358749998,1,456427.6358749998
20251121,582420.1358749998,1,456427.6358749998
20251124,583704.1358749998,1,456427.6358749998
20251125,590926.6358749998,1,456427.6358749998
20251126,594457.6358749998,1,456427.6358749998
20251127,595099.6358749998,1,456427.6358749998
20251128,597667.6358749998,1,456427.6358749998
20251201,589286.6195749998,3,206235.61957499982
20251202,586927.6195749998,3,206235.61957499982
20251203,587592.1195749998,3,206235.61957499982
20251204,586588.6195749998,3,206235.61957499982
20251205,593613.6195749998,3,206235.61957499982
20251208,598533.8241249998,2,321158.8241249998
20251209,596271.8241249998,2,321158.8241249998
20251210,599700.8241249998,2,321158.8241249998
20251211,600437.8241249998,2,321158.8241249998
20251212,608747.8241249998,2,321158.8241249998
20251215,609010.8241249998,2,321158.8241249998
20251216,596943.8241249998,2,321158.8241249998
20251217,598256.8241249998,2,321158.8241249998
20251218,596002.3241249998,2,321158.8241249998
20251219,602035.8241249998,2,321158.8241249998
20251222,611096.8241249998,2,321158.8241249998
20251223,616561.3241249998,2,321158.8241249998
20251224,627190.8241249998,2,321158.8241249998
20251226,628766.8241249998,2,321158.8241249998
20251229,631035.8241249998,2,321158.8241249998
20251230,633407.8241249998,2,321158.8241249998
20251231,635953.8241249998,2,321158.8241249998
20260102,636078.3241249998,2,321158.8241249998
20260105,639745.4739999998,4,72840.47399999981
20260106,650563.4739999998,4,72840.47399999981
20260107,641198.4739999998,4,72840.47399999981
20260108,626997.4739999998,4,72840.47399999981
20260109,627914.4739999998,4,72840.47399999981
20260112,631211.9739999998,4,72840.47399999981
20260113,637415.4739999998,4,72840.47399999981
20260114,647034.4739999998,4,72840.47399999981
20260115,645131.4739999998,4,72840.47399999981
20260116,648426.4739999998,4,72840.47399999981
20260119,646235.9739999998,4,72840.47399999981
20260120,661160.4739999998,4,72840.47399999981
20260121,671585.4739999998,4,72840.47399999981
20260122,678222.4739999998,4,72840.47399999981
20260123,685734.4739999998,4,72840.47399999981
20260126,699625.4739999998,4,72840.47399999981
20260127,712696.4739999998,4,72840.47399999981
20260128,707379.4739999998,4,72840.47399999981
20260129,697651.4739999998,4,72840.47399999981
20260130,694329.4739999998,4,72840.47399999981
20260202,698877.6609249997,4,63203.660924999815
20260203,721053.6609249997,4,63203.660924999815
20260204,746553.6609249997,4,63203.660924999815
20260205,730528.6609249997,4,63203.660924999815
20260206,709446.6609249997,4,63203.660924999815
20260209,739012.6609249997,4,63203.660924999815
20260210,741344.6609249997,4,63203.660924999815
20260211,747969.6609249997,4,63203.660924999815
20260223,759129.6609249997,4,63203.660924999815
20260224,771984.6609249997,4,63203.660924999815
20260225,797178.6609249997,4,63203.660924999815
20260226,792094.6609249997,4,63203.660924999815
20260302,560904.1609249997,4,63203.660924999815
20260303,560904.1609249997,4,63203.660924999815
