Date,Close,Environment,Strategy,Signal,Position,PortfolioValue
2019-03-26,10559.2001953125,NEUTRAL,空倉,0,0,1000000.0
2019-03-27,10542.7001953125,NEUTRAL,空倉,0,0,1000000.0
2019-03-28,10536.259765625,NEUTRAL,空倉,0,0,1000000.0
2019-03-29,10641.0400390625,NEUTRAL,空倉,0,0,1000000.0
2019-04-01,10642.6298828125,NEUTRAL,空倉,0,0,1000000.0
2019-04-02,10690.2998046875,NEUTRAL,空倉,0,0,1000000.0
2019-04-03,10704.3798828125,NEUTRAL,空倉,0,0,1000000.0
2019-04-08,10800.5703125,NEUTRAL,空倉,0,0,1000000.0
2019-04-09,10851.599609375,NEUTRAL,空倉,0,0,1000000.0
2019-04-10,10868.1396484375,NEUTRAL,空倉,0,0,1000000.0
2019-04-11,10808.76953125,NEUTRAL,空倉,0,0,1000000.0
2019-04-12,10805.2998046875,NEUTRAL,空倉,0,0,1000000.0
2019-04-15,10875.599609375,NEUTRAL,空倉,0,0,1000000.0
2019-04-16,10927.849609375,NEUTRAL,空倉,0,0,1000000.0
2019-04-17,10997.259765625,NEUTRAL,空倉,0,0,1000000.0
2019-04-18,10962.01953125,NEUTRAL,空倉,0,0,1000000.0
2019-04-19,10968.5,NEUTRAL,空倉,0,0,1000000.0
2019-04-22,10987.7099609375,NEUTRAL,空倉,0,0,1000000.0
2019-04-23,11025.6796875,NEUTRAL,空倉,0,0,1000000.0
2019-04-24,11027.6396484375,NEUTRAL,空倉,0,0,1000000.0
2019-04-25,11039.8603515625,NEUTRAL,空倉,0,0,1000000.0
2019-04-26,10952.4697265625,NEUTRAL,空倉,0,0,1000000.0
2019-04-29,10939.0595703125,NEUTRAL,空倉,0,0,1000000.0
2019-04-30,10967.73046875,NEUTRAL,空倉,0,0,1000000.0
2019-05-02,11004.490234375,NEUTRAL,空倉,0,0,1000000.0
2019-05-03,11096.2998046875,NEUTRAL,空倉,0,0,1000000.0
2019-05-06,10897.1201171875,NEUTRAL,空倉,0,0,1000000.0
2019-05-07,10987.1396484375,NEUTRAL,空倉,0,0,1000000.0
2019-05-08,10923.7099609375,NEUTRAL,空倉,0,0,1000000.0
2019-05-09,10733.669921875,NEUTRAL,空倉,0,0,1000000.0
2019-05-10,10712.990234375,NEUTRAL,空倉,0,0,1000000.0
2019-05-13,10558.2900390625,NEUTRAL,空倉,0,0,1000000.0
2019-05-14,10519.25,BEAR,均值回歸,1,1,1000000.0
2019-05-15,10560.7099609375,BEAR,均值回歸,0,1,1003941.3419148228
2019-05-16,10474.6103515625,BEAR,均值回歸,0,1,995756.3848717826
2019-05-17,10384.1103515625,BEAR,均值回歸,1,1,987153.1099234736
2019-05-20,10398.41015625,BEAR,均值回歸,0,1,988512.5038619674
2019-05-21,10464.5,BEAR,均值回歸,0,1,994795.256315802
2019-05-22,10457.2197265625,NEUTRAL,空倉,0,1,994103.165773463
2019-05-23,10308.3701171875,BEAR,均值回歸,0,1,979952.9545535566
2019-05-24,10328.2802734375,BEAR,均值回歸,0,1,981845.6898959052
2019-05-27,10334.1298828125,NEUTRAL,空倉,0,1,982401.7760593673
2019-05-28,10312.3095703125,NEUTRAL,空倉,0,1,980327.4539831737
2019-05-29,10301.7802734375,BEAR,均值回歸,0,1,979326.4988889417
2019-05-30,10382.990234375,BEAR,均值回歸,0,1,987046.6273142097
2019-05-31,10498.490234375,NEUTRAL,空倉,0,1,998026.4975521069
2019-06-03,10500.0703125,NEUTRAL,空倉,0,1,998176.705801269
2019-06-04,10429.1201171875,NEUTRAL,空倉,0,1,991431.9098022672
2019-06-05,10461.6201171875,NEUTRAL,空倉,0,1,994521.4836787318
2019-06-06,10409.2001953125,NEUTRAL,空倉,0,1,989538.2461023837
2019-06-10,10566.4697265625,NEUTRAL,空倉,0,1,1004488.887188963
2019-06-11,10607.759765625,NEUTRAL,空倉,0,1,1008414.075682677
2019-06-12,10615.66015625,NEUTRAL,空倉,0,1,1009165.1169284884
2019-06-13,10561.009765625,NEUTRAL,空倉,0,1,1003969.8424911472
2019-06-14,10524.669921875,NEUTRAL,空倉,0,1,1000515.2384319225
2019-06-17,10530.5400390625,NEUTRAL,空倉,0,1,1001073.2741462081
2019-06-18,10566.740234375,NEUTRAL,空倉,0,1,1004514.6026926825
2019-06-19,10775.33984375,NEUTRAL,空倉,0,1,1024344.8766547046
2019-06-20,10785.009765625,NEUTRAL,空倉,0,1,1025264.1362858568
2019-06-21,10803.76953125,NEUTRAL,空倉,0,1,1027047.511110583
2019-06-24,10779.4501953125,NEUTRAL,空倉,0,1,1024735.6223411841
2019-06-25,10706.7197265625,NEUTRAL,空倉,0,1,1017821.5867635525
2019-06-26,10652.5498046875,NEUTRAL,空倉,0,1,1012671.9875169332
2019-06-27,10773.900390625,BEAR,均值回歸,-1,0,1000000.0
2019-06-28,10730.830078125,NEUTRAL,空倉,0,0,1000000.0
2019-07-01,10895.4599609375,NEUTRAL,空倉,0,0,1000000.0
2019-07-02,10865.1201171875,NEUTRAL,空倉,0,0,1000000.0
2019-07-03,10743.76953125,NEUTRAL,空倉,0,0,1000000.0
2019-07-04,10775.900390625,NEUTRAL,空倉,0,0,1000000.0
2019-07-05,10785.73046875,NEUTRAL,空倉,0,0,1000000.0
2019-07-08,10751.2197265625,NEUTRAL,空倉,0,0,1000000.0
2019-07-09,10702.7802734375,NEUTRAL,空倉,0,0,1000000.0
2019-07-10,10798.48046875,NEUTRAL,空倉,0,0,1000000.0
2019-07-11,10843.419921875,NEUTRAL,空倉,0,0,1000000.0
2019-07-12,10824.349609375,NEUTRAL,空倉,0,0,1000000.0
2019-07-15,10876.4296875,NEUTRAL,空倉,0,0,1000000.0
2019-07-16,10886.0498046875,NEUTRAL,空倉,0,0,1000000.0
2019-07-17,10828.48046875,NEUTRAL,空倉,0,0,1000000.0
2019-07-18,10799.2802734375,NEUTRAL,空倉,0,0,1000000.0
2019-07-19,10873.1904296875,NEUTRAL,空倉,0,0,1000000.0
2019-07-22,10944.5302734375,NEUTRAL,空倉,0,0,1000000.0
2019-07-23,10947.259765625,NEUTRAL,空倉,0,0,1000000.0
2019-07-24,10935.759765625,NEUTRAL,空倉,0,0,1000000.0
2019-07-25,10941.41015625,NEUTRAL,空倉,0,0,1000000.0
2019-07-26,10891.98046875,NEUTRAL,空倉,0,0,1000000.0
2019-07-29,10885.73046875,NEUTRAL,空倉,0,0,1000000.0
2019-07-30,10830.900390625,NEUTRAL,空倉,0,0,1000000.0
2019-07-31,10823.8095703125,NEUTRAL,空倉,0,0,1000000.0
2019-08-01,10731.75,NEUTRAL,空倉,0,0,1000000.0
2019-08-02,10549.0400390625,NEUTRAL,空倉,0,0,1000000.0
2019-08-05,10423.41015625,BEAR,均值回歸,1,1,1000000.0
2019-08-06,10394.75,BEAR,均值回歸,1,1,997250.4050190508
2019-08-07,10386.1796875,BEAR,均值回歸,1,1,996428.1873022453
2019-08-08,10494.490234375,BEAR,均值回歸,0,1,1006819.2728732238
2019-08-12,10472.3603515625,BEAR,均值回歸,0,1,1004696.1785614039
2019-08-13,10362.66015625,BEAR,均值回歸,0,1,994171.7730484228
2019-08-14,10427.73046875,BEAR,均值回歸,0,1,1000414.4816749257
2019-08-15,10327.1298828125,BEAR,均值回歸,0,1,990763.0735052895
2019-08-16,10420.8896484375,BEAR,均值回歸,0,1,999758.1877931773
2019-08-19,10488.75,BEAR,均值回歸,0,1,1006268.5668865119
2019-08-20,10522.5,NEUTRAL,空倉,0,1,1009506.470748499
2019-08-21,10525.7998046875,NEUTRAL,空倉,0,1,1009823.0470549128
2019-08-22,10529.7802734375,NEUTRAL,空倉,0,1,1010204.9248367837
2019-08-23,10538.1103515625,NEUTRAL,空倉,0,1,1011004.0949740162
2019-08-26,10354.5703125,NEUTRAL,空倉,0,1,993395.6504907635
2019-08-27,10387.23046875,NEUTRAL,空倉,0,1,996528.9970405409
2019-08-28,10434.2900390625,NEUTRAL,空倉,0,1,1001043.7930244908
2019-08-29,10462.4296875,NEUTRAL,空倉,0,1,1003743.4515830314
2019-08-30,10618.0498046875,NEUTRAL,空倉,0,1,1018673.3176110117
2019-09-02,10634.849609375,NEUTRAL,空倉,0,1,1020285.05546222
2019-09-03,10558.2099609375,NEUTRAL,空倉,0,1,1012932.4091316385
2019-09-04,10657.3095703125,NEUTRAL,空倉,0,1,1022439.8167736161
2019-09-05,10756.9296875,NEUTRAL,空倉,0,1,1031997.1608380026
2019-09-06,10780.6396484375,NEUTRAL,空倉,0,1,1034271.8445146573
2019-09-10,10753.580078125,NEUTRAL,空倉,0,1,1031675.8063748481
2019-09-11,10790.349609375,NEUTRAL,空倉,0,1,1035203.3977004136
2019-09-12,10827.5498046875,NEUTRAL,空倉,0,1,1038772.3060283848
2019-09-16,10898.1298828125,NEUTRAL,空倉,0,1,1045543.6099555051
2019-09-17,10874.5,NEUTRAL,空倉,0,1,1043276.6088053747
2019-09-18,10929.4501953125,NEUTRAL,空倉,0,1,1048548.4147200206
2019-09-19,10894.7001953125,NEUTRAL,空倉,0,1,1045214.5729658263
2019-09-20,10929.6904296875,NEUTRAL,空倉,0,1,1048571.4622995938
2019-09-23,10919.01953125,NEUTRAL,空倉,0,1,1047547.7187955447
2019-09-24,10918.009765625,NEUTRAL,空倉,0,1,1047450.8440098591
2019-09-25,10873.6904296875,NEUTRAL,空倉,0,1,1043198.940336
2019-09-26,10871.990234375,NEUTRAL,空倉,0,1,1043035.8271813785
2019-09-27,10829.6796875,NEUTRAL,空倉,0,1,1038976.6424960641
2019-10-01,10967.650390625,NEUTRAL,空倉,0,1,1052213.2609401988
2019-10-02,10947.8798828125,NEUTRAL,空倉,0,1,1050316.520092805
2019-10-03,10875.91015625,NEUTRAL,空倉,0,1,1043411.8962236822
2019-10-04,10894.48046875,NEUTRAL,空倉,0,1,1045193.4928625581
2019-10-07,10935.0595703125,NEUTRAL,空倉,0,1,1049086.5663341195
2019-10-08,11017.3095703125,NEUTRAL,空倉,0,1,1056977.457968148
2019-10-09,10889.9599609375,NEUTRAL,空倉,0,1,1044759.8048713213
2019-10-14,11066.9501953125,NEUTRAL,空倉,0,1,1061739.8748984877
2019-10-15,11111.7998046875,NEUTRAL,空倉,0,1,1066042.6518882338
2019-10-16,11162.830078125,NEUTRAL,空倉,0,1,1070938.388760576
2019-10-17,11186.8798828125,NEUTRAL,空倉,0,1,1073245.6763302858
2019-10-18,11180.2197265625,NEUTRAL,空倉,0,1,1072606.7149778912
2019-10-21,11184.150390625,NEUTRAL,空倉,0,1,1072983.8146030214
2019-10-22,11271.25,NEUTRAL,空倉,0,1,1081339.9675385146
2019-10-23,11239.669921875,NEUTRAL,空倉,0,1,1078310.2414074687
2019-10-24,11320.1396484375,NEUTRAL,空倉,0,1,1086030.3373603513
2019-10-25,11296.1201171875,NEUTRAL,空倉,0,1,1083725.9541604253
2019-10-28,11315.01953125,NEUTRAL,空倉,0,1,1085539.1241095297
2019-10-29,11333.8701171875,NEUTRAL,空倉,0,1,1087347.609591241
2019-10-30,11380.2802734375,NEUTRAL,空倉,0,1,1091800.1021588647
2019-10-31,11358.7099609375,NEUTRAL,空倉,0,1,1089730.6918433679
2019-11-01,11399.5302734375,NEUTRAL,空倉,0,1,1093646.9065838503
2019-11-04,11556.849609375,NEUTRAL,空倉,0,1,1108739.792077104
2019-11-05,11644.0302734375,BULL,SMA趨勢,0,1,1117103.7212284699
2019-11-06,11653.0703125,BULL,SMA趨勢,0,1,1117971.0035215954
2019-11-07,11606.5595703125,BULL,SMA趨勢,0,1,1113508.8609511417
2019-11-08,11579.5400390625,BULL,SMA趨勢,0,1,1110916.6640745946
2019-11-11,11427.2802734375,BULL,SMA趨勢,0,1,1096309.1830925955
2019-11-12,11520.3701171875,BULL,SMA趨勢,0,1,1105240.0264878524
2019-11-13,11467.830078125,BULL,SMA趨勢,0,1,1100199.4458837209
2019-11-14,11450.419921875,BULL,SMA趨勢,0,1,1098529.1521901009
2019-11-15,11525.599609375,BULL,SMA趨勢,0,1,1105741.7329456343
2019-11-18,11599.7802734375,BULL,SMA趨勢,0,1,1112858.4694983086
2019-11-19,11656.400390625,BULL,SMA趨勢,0,1,1118290.4841977926
2019-11-20,11631.2001953125,BULL,SMA趨勢,0,1,1115872.8305763057
2019-11-21,11558.26953125,BULL,SMA趨勢,0,1,1108876.0163888903
2019-11-22,11566.7998046875,BULL,SMA趨勢,0,1,1109694.3928424336
2019-11-25,11561.580078125,BULL,SMA趨勢,0,1,1109193.6232781303
2019-11-26,11576.8203125,BULL,SMA趨勢,0,1,1110655.7392408089
2019-11-27,11647.4599609375,NEUTRAL,空倉,0,1,1117432.7582181485
2019-11-28,11617.080078125,NEUTRAL,空倉,0,1,1114518.1762956206
2019-11-29,11489.5703125,NEUTRAL,空倉,0,1,1102285.1581457453
2019-12-02,11502.830078125,NEUTRAL,空倉,0,1,1103557.2721109672
2019-12-03,11531.580078125,NEUTRAL,空倉,0,1,1106315.4865119194
2019-12-04,11510.4697265625,NEUTRAL,空倉,0,1,1104290.2038792637
2019-12-05,11594.650390625,NEUTRAL,空倉,0,1,1112366.3193540084
2019-12-06,11609.6396484375,NEUTRAL,空倉,0,1,1113804.3571542872
2019-12-09,11660.76953125,NEUTRAL,空倉,0,1,1118709.650340111
2019-12-10,11627.83984375,NEUTRAL,空倉,0,1,1115550.445530325
2019-12-11,11700.76953125,NEUTRAL,空倉,0,1,1122547.1660283923
2019-12-12,11836.419921875,NEUTRAL,空倉,0,1,1135561.1785820154
2019-12-13,11927.73046875,NEUTRAL,空倉,0,1,1144321.3199854745
2019-12-16,11939.76953125,BULL,SMA趨勢,0,1,1145476.322265873
2019-12-17,12097.009765625,BULL,SMA趨勢,0,1,1160561.6189219502
2019-12-18,12122.4501953125,BULL,SMA趨勢,0,1,1163002.3201230103
2019-12-19,12018.900390625,BULL,SMA趨勢,0,1,1153067.9701228417
2019-12-20,11959.080078125,BULL,SMA趨勢,0,1,1147328.9354304257
2019-12-23,12022.23046875,BULL,SMA趨勢,0,1,1153387.4507990389
2019-12-24,11976.3798828125,BULL,SMA趨勢,0,1,1148988.6422277377
2019-12-25,12008.1298828125,BULL,SMA趨勢,0,1,1152034.670305311
2019-12-26,12001.009765625,BULL,SMA趨勢,0,1,1151351.5812700752
2019-12-27,12091.58984375,BULL,SMA趨勢,0,1,1160041.643041336
2019-12-30,12053.3701171875,BULL,SMA趨勢,0,1,1156374.9230342007
2019-12-31,11997.1396484375,BULL,SMA趨勢,0,1,1150980.2903845124
2020-01-02,12100.48046875,BULL,SMA趨勢,0,1,1160894.5908642393
2020-01-03,12110.4296875,BULL,SMA趨勢,0,1,1161849.097940221
2020-01-06,11953.3603515625,BULL,SMA趨勢,0,1,1146780.1969200189
2020-01-07,11880.3203125,BULL,SMA趨勢,0,1,1139772.8895256433
2020-01-08,11817.099609375,BULL,SMA趨勢,0,1,1133707.6285239842
2020-01-09,11970.6298828125,NEUTRAL,空倉,0,1,1148436.9993475473
2020-01-10,12024.650390625,NEUTRAL,空倉,0,1,1153619.6130030323
2020-01-13,12113.419921875,NEUTRAL,空倉,0,1,1162135.9747233635
2020-01-14,12179.8095703125,NEUTRAL,空倉,0,1,1168505.2576588232
2020-01-15,12091.8798828125,NEUTRAL,空倉,0,1,1160069.46877765
2020-01-16,12066.9296875,NEUTRAL,空倉,0,1,1157675.7996292152
2020-01-17,12090.2900390625,NEUTRAL,空倉,0,1,1159916.9425193365
2020-01-20,12118.7099609375,NEUTRAL,空倉,0,1,1162643.4899207125
2020-01-30,11421.740234375,NEUTRAL,空倉,0,1,1095777.6834221946
2020-01-31,11495.099609375,BEAR,均值回歸,0,1,1102815.62723332
2020-02-03,11354.919921875,NEUTRAL,空倉,0,1,1089367.0834843295
2020-02-04,11555.919921875,NEUTRAL,空倉,0,1,1108650.5998179428
2020-02-05,11573.6201171875,NEUTRAL,空倉,0,1,1110348.719247877
2020-02-06,11749.6796875,NEUTRAL,空倉,0,1,1127239.503326534
2020-02-07,11612.8095703125,NEUTRAL,空倉,0,1,1114108.4727774358
2020-02-10,11574.0703125,NEUTRAL,空倉,0,1,1110391.9100372398
2020-02-11,11664.0400390625,NEUTRAL,空倉,0,1,1119023.415966089
2020-02-12,11774.1904296875,NEUTRAL,空倉,0,1,1129591.0122684326
2020-02-13,11791.7802734375,NEUTRAL,空倉,0,1,1131278.5448020587
2020-02-14,11815.7001953125,NEUTRAL,空倉,0,1,1133573.3716885033
2020-02-17,11763.509765625,NEUTRAL,空倉,0,1,1128566.3318709051
2020-02-18,11648.98046875,NEUTRAL,空倉,0,1,1117578.6325327642
2020-02-19,11758.83984375,NEUTRAL,空倉,0,1,1128118.309409446
2020-02-20,11725.08984375,NEUTRAL,空倉,0,1,1124880.405547459
2020-02-21,11686.349609375,BEAR,均值回歸,0,1,1121163.7491179148
2020-02-24,11534.8701171875,BEAR,均值回歸,0,1,1106631.1259248545
2020-02-25,11540.23046875,BEAR,均值回歸,0,1,1107145.3867552492
2020-02-26,11433.6201171875,BEAR,均值回歸,0,1,1096917.4143388926
2020-02-27,11292.169921875,BEAR,均值回歸,0,1,1083346.980748338
2020-03-02,11170.4599609375,BEAR,均值回歸,0,1,1071670.383635394
2020-03-03,11327.7197265625,BEAR,均值回歸,0,1,1086757.5540784285
2020-03-04,11392.349609375,BEAR,均值回歸,0,1,1092958.008809047
2020-03-05,11514.8203125,BEAR,均值回歸,0,1,1104707.589923973
2020-03-06,11321.8095703125,NEUTRAL,空倉,0,1,1086190.5461451893
2020-03-09,10977.6396484375,NEUTRAL,空倉,0,1,1053171.6092794428
2020-03-10,11003.5400390625,NEUTRAL,空倉,0,1,1055656.438163344
2020-03-11,10893.75,NEUTRAL,空倉,0,1,1045123.4132303599
2020-03-12,10422.3203125,BEAR,均值回歸,1,1,999895.4426877899
2020-03-13,10128.8701171875,BEAR,均值回歸,1,1,971742.4494817667
2020-03-16,9717.76953125,BEAR,均值回歸,1,1,932302.325781847
2020-03-17,9439.6298828125,BEAR,均值回歸,1,1,905618.1941715482
2020-03-18,9218.669921875,BEAR,均值回歸,1,1,884419.7612570563
2020-03-19,8681.33984375,BEAR,均值回歸,1,1,832869.4461423036
2020-03-20,9234.08984375,BEAR,均值回歸,0,1,885899.1160597408
2020-03-23,8890.0302734375,BEAR,均值回歸,0,1,852890.7660903023
2020-03-24,9285.6201171875,BEAR,均值回歸,0,1,890842.8218781867
2020-03-25,9644.75,BEAR,均值回歸,0,1,925296.9858637764
2020-03-26,9736.3603515625,NEUTRAL,空倉,0,1,934085.8898970279
2020-03-27,9698.919921875,NEUTRAL,空倉,0,1,930493.9339894835
2020-03-30,9629.4296875,NEUTRAL,空倉,0,1,923827.1873745733
2020-03-31,9708.0595703125,NEUTRAL,空倉,0,1,931370.7725960906
2020-04-01,9663.6298828125,NEUTRAL,空倉,0,1,927108.2820259235
2020-04-06,9818.740234375,BEAR,均值回歸,0,1,941989.2422143215
2020-04-07,9996.3896484375,BEAR,均值回歸,0,1,959032.5525512921
2020-04-08,10137.4697265625,NEUTRAL,空倉,0,1,972567.477879008
2020-04-09,10119.4296875,NEUTRAL,空倉,0,1,970836.7545560192
2020-04-10,10157.6103515625,NEUTRAL,空倉,0,1,974499.7269892404
2020-04-13,10099.2197265625,NEUTRAL,空倉,0,1,968897.8535020892
2020-04-14,10332.9404296875,NEUTRAL,空倉,0,1,991320.5251250472
2020-04-15,10447.2099609375,NEUTRAL,空倉,0,1,1002283.3030966579
2020-04-16,10375.48046875,NEUTRAL,空倉,0,1,995401.7268071083
2020-04-17,10597.0400390625,NEUTRAL,空倉,0,1,1016657.6849811852
2020-04-20,10586.7099609375,NEUTRAL,空倉,0,1,1015666.6390595388
2020-04-21,10288.419921875,NEUTRAL,空倉,0,1,987049.3214455291
2020-04-22,10307.740234375,BEAR,均值回歸,0,1,988902.8715035603
2020-04-23,10366.509765625,BEAR,均值回歸,-1,0,1000000.0
2020-04-24,10347.3603515625,NEUTRAL,空倉,0,0,1000000.0
2020-04-27,10567.26953125,BEAR,均值回歸,0,0,1000000.0
2020-04-28,10616.0595703125,NEUTRAL,空倉,0,0,1000000.0
2020-04-29,10772.2197265625,NEUTRAL,空倉,0,0,1000000.0
2020-04-30,10992.1396484375,NEUTRAL,空倉,0,0,1000000.0
2020-05-04,10720.48046875,NEUTRAL,空倉,0,0,1000000.0
2020-05-05,10774.6103515625,NEUTRAL,空倉,0,0,1000000.0
2020-05-06,10774.98046875,NEUTRAL,空倉,0,0,1000000.0
2020-05-07,10842.919921875,NEUTRAL,空倉,0,0,1000000.0
2020-05-08,10901.419921875,NEUTRAL,空倉,0,0,1000000.0
2020-05-11,11013.259765625,NEUTRAL,空倉,0,0,1000000.0
2020-05-12,10879.4697265625,NEUTRAL,空倉,0,0,1000000.0
2020-05-13,10938.26953125,NEUTRAL,空倉,0,0,1000000.0
2020-05-14,10780.8798828125,NEUTRAL,空倉,0,0,1000000.0
2020-05-15,10814.919921875,NEUTRAL,空倉,0,0,1000000.0
2020-05-18,10740.5498046875,NEUTRAL,空倉,0,0,1000000.0
2020-05-19,10860.4404296875,NEUTRAL,空倉,0,0,1000000.0
2020-05-20,10907.7998046875,NEUTRAL,空倉,0,0,1000000.0
2020-05-21,11008.3095703125,NEUTRAL,空倉,0,0,1000000.0
2020-05-22,10811.150390625,NEUTRAL,空倉,0,0,1000000.0
2020-05-25,10871.1796875,NEUTRAL,空倉,0,0,1000000.0
2020-05-26,10997.2099609375,NEUTRAL,空倉,0,0,1000000.0
2020-05-27,11014.66015625,NEUTRAL,空倉,0,0,1000000.0
2020-05-28,10944.1904296875,NEUTRAL,空倉,0,0,1000000.0
2020-05-29,10942.16015625,NEUTRAL,空倉,0,0,1000000.0
2020-06-01,11079.01953125,NEUTRAL,空倉,0,0,1000000.0
2020-06-02,11127.9296875,BULL,SMA趨勢,0,0,1000000.0
2020-06-03,11320.16015625,BULL,SMA趨勢,0,0,1000000.0
2020-06-04,11393.23046875,BULL,SMA趨勢,0,0,1000000.0
2020-06-05,11479.400390625,BULL,SMA趨勢,0,0,1000000.0
2020-06-08,11610.3203125,BULL,SMA趨勢,0,0,1000000.0
2020-06-09,11637.1103515625,BULL,SMA趨勢,0,0,1000000.0
2020-06-10,11720.16015625,BULL,SMA趨勢,0,0,1000000.0
2020-06-11,11535.76953125,BULL,SMA趨勢,0,0,1000000.0
2020-06-12,11429.9404296875,BULL,SMA趨勢,0,0,1000000.0
2020-06-15,11306.259765625,BULL,SMA趨勢,0,0,1000000.0
2020-06-16,11511.6396484375,BULL,SMA趨勢,0,0,1000000.0
2020-06-17,11534.58984375,BULL,SMA趨勢,0,0,1000000.0
2020-06-18,11548.330078125,BULL,SMA趨勢,0,0,1000000.0
2020-06-19,11549.8603515625,BULL,SMA趨勢,0,0,1000000.0
2020-06-22,11572.9296875,BULL,SMA趨勢,0,0,1000000.0
2020-06-23,11612.3603515625,BULL,SMA趨勢,0,0,1000000.0
2020-06-24,11660.669921875,BULL,SMA趨勢,0,0,1000000.0
2020-06-29,11542.6201171875,BULL,SMA趨勢,0,0,1000000.0
2020-06-30,11621.240234375,BULL,SMA趨勢,0,0,1000000.0
2020-07-01,11703.419921875,BULL,SMA趨勢,0,0,1000000.0
2020-07-02,11805.1396484375,BULL,SMA趨勢,0,0,1000000.0
2020-07-03,11909.16015625,BULL,SMA趨勢,0,0,1000000.0
2020-07-06,12116.7001953125,BULL,SMA趨勢,0,0,1000000.0
2020-07-07,12092.9697265625,BULL,SMA趨勢,0,0,1000000.0
2020-07-08,12170.1904296875,BULL,SMA趨勢,0,0,1000000.0
2020-07-09,12192.6904296875,BULL,SMA趨勢,0,0,1000000.0
2020-07-10,12073.6796875,BULL,SMA趨勢,0,0,1000000.0
2020-07-13,12211.5595703125,BULL,SMA趨勢,0,0,1000000.0
2020-07-14,12209.009765625,BULL,SMA趨勢,0,0,1000000.0
2020-07-15,12202.849609375,BULL,SMA趨勢,0,0,1000000.0
2020-07-16,12157.740234375,BULL,SMA趨勢,0,0,1000000.0
2020-07-17,12181.5595703125,BULL,SMA趨勢,0,0,1000000.0
2020-07-20,12174.5400390625,BULL,SMA趨勢,0,0,1000000.0
2020-07-21,12397.5498046875,BULL,SMA趨勢,0,0,1000000.0
2020-07-22,12473.26953125,BULL,SMA趨勢,0,0,1000000.0
2020-07-23,12413.0400390625,BULL,SMA趨勢,0,0,1000000.0
2020-07-24,12304.0400390625,BULL,SMA趨勢,0,0,1000000.0
2020-07-27,12588.2998046875,BULL,SMA趨勢,0,0,1000000.0
2020-07-28,12586.73046875,BULL,SMA趨勢,0,0,1000000.0
2020-07-29,12540.9697265625,BULL,SMA趨勢,0,0,1000000.0
2020-07-30,12722.919921875,BULL,SMA趨勢,0,0,1000000.0
2020-07-31,12664.7998046875,BULL,SMA趨勢,0,0,1000000.0
2020-08-03,12513.0302734375,BULL,SMA趨勢,0,0,1000000.0
2020-08-04,12709.919921875,BULL,SMA趨勢,0,0,1000000.0
2020-08-05,12802.2998046875,BULL,SMA趨勢,0,0,1000000.0
2020-08-06,12913.5,BULL,SMA趨勢,0,0,1000000.0
2020-08-07,12828.8701171875,BULL,SMA趨勢,0,0,1000000.0
2020-08-10,12894.0,BULL,SMA趨勢,0,0,1000000.0
2020-08-11,12780.1904296875,BULL,SMA趨勢,0,0,1000000.0
2020-08-12,12670.349609375,BULL,SMA趨勢,0,0,1000000.0
2020-08-13,12763.1298828125,BULL,SMA趨勢,0,0,1000000.0
2020-08-14,12795.4599609375,BULL,SMA趨勢,0,0,1000000.0
2020-08-17,12956.1103515625,BULL,SMA趨勢,0,0,1000000.0
2020-08-18,12872.1396484375,BULL,SMA趨勢,0,0,1000000.0
2020-08-19,12778.6396484375,BULL,SMA趨勢,0,0,1000000.0
2020-08-20,12362.6396484375,BULL,SMA趨勢,0,0,1000000.0
2020-08-21,12607.83984375,NEUTRAL,空倉,0,0,1000000.0
2020-08-24,12647.1298828125,NEUTRAL,空倉,0,0,1000000.0
2020-08-25,12758.25,NEUTRAL,空倉,0,0,1000000.0
2020-08-26,12833.2900390625,NEUTRAL,空倉,0,0,1000000.0
2020-08-27,12797.3095703125,NEUTRAL,空倉,0,0,1000000.0
2020-08-28,12728.849609375,NEUTRAL,空倉,0,0,1000000.0
2020-08-31,12591.4501953125,NEUTRAL,空倉,0,0,1000000.0
2020-09-01,12703.2802734375,NEUTRAL,空倉,0,0,1000000.0
2020-09-02,12699.5,NEUTRAL,空倉,0,0,1000000.0
2020-09-03,12757.9697265625,NEUTRAL,空倉,0,0,1000000.0
2020-09-04,12637.9501953125,NEUTRAL,空倉,0,0,1000000.0
2020-09-07,12601.400390625,NEUTRAL,空倉,0,0,1000000.0
2020-09-08,12663.5595703125,NEUTRAL,空倉,0,0,1000000.0
2020-09-09,12608.580078125,NEUTRAL,空倉,0,0,1000000.0
2020-09-10,12691.75,NEUTRAL,空倉,0,0,1000000.0
2020-09-11,12675.9501953125,NEUTRAL,空倉,0,0,1000000.0
2020-09-14,12787.8203125,NEUTRAL,空倉,0,0,1000000.0
2020-09-15,12845.650390625,NEUTRAL,空倉,0,0,1000000.0
2020-09-16,12976.759765625,NEUTRAL,空倉,0,0,1000000.0
2020-09-17,12872.740234375,BULL,SMA趨勢,0,0,1000000.0
2020-09-18,12875.6201171875,BULL,SMA趨勢,0,0,1000000.0
2020-09-21,12795.1201171875,NEUTRAL,空倉,0,0,1000000.0
2020-09-22,12645.509765625,NEUTRAL,空倉,0,0,1000000.0
2020-09-23,12583.8798828125,BEAR,均值回歸,0,0,1000000.0
2020-09-24,12264.3798828125,BEAR,均值回歸,0,0,1000000.0
2020-09-25,12232.91015625,BEAR,均值回歸,0,0,1000000.0
2020-09-28,12462.759765625,BEAR,均值回歸,0,0,1000000.0
2020-09-29,12467.73046875,BEAR,均值回歸,0,0,1000000.0
2020-09-30,12515.6103515625,BEAR,均值回歸,0,0,1000000.0
2020-10-05,12548.2802734375,NEUTRAL,空倉,0,0,1000000.0
2020-10-06,12704.23046875,NEUTRAL,空倉,0,0,1000000.0
2020-10-07,12746.3701171875,NEUTRAL,空倉,0,0,1000000.0
2020-10-08,12887.1904296875,NEUTRAL,空倉,0,0,1000000.0
2020-10-12,12955.91015625,BULL,SMA趨勢,0,0,1000000.0
2020-10-13,12947.1298828125,BULL,SMA趨勢,0,0,1000000.0
2020-10-14,12919.3095703125,BULL,SMA趨勢,0,0,1000000.0
2020-10-15,12827.8203125,NEUTRAL,空倉,0,0,1000000.0
2020-10-16,12750.3701171875,NEUTRAL,空倉,0,0,1000000.0
2020-10-19,12908.33984375,NEUTRAL,空倉,0,0,1000000.0
2020-10-20,12862.3701171875,NEUTRAL,空倉,0,0,1000000.0
2020-10-21,12877.25,NEUTRAL,空倉,0,0,1000000.0
2020-10-22,12917.0302734375,NEUTRAL,空倉,0,0,1000000.0
2020-10-23,12898.8203125,BULL,SMA趨勢,0,0,1000000.0
2020-10-26,12909.0302734375,BULL,SMA趨勢,0,0,1000000.0
2020-10-27,12875.009765625,BULL,SMA趨勢,1,1,1000000.0
2020-10-28,12793.75,BULL,SMA趨勢,0,1,993688.5666803954
2020-10-29,12662.91015625,BULL,SMA趨勢,0,1,983526.2564272934
2020-10-30,12546.33984375,BEAR,均值回歸,0,1,974472.258440338
2020-11-02,12591.3095703125,BEAR,均值回歸,0,1,977965.050087189
2020-11-03,12736.009765625,BEAR,均值回歸,0,1,989203.8916839414
2020-11-04,12867.900390625,NEUTRAL,空倉,0,1,999447.8159528095
2020-11-05,12918.7998046875,NEUTRAL,空倉,0,1,1003401.1655027568
2020-11-06,12973.5302734375,NEUTRAL,空倉,0,1,1007652.0724726393
2020-11-09,13127.4697265625,NEUTRAL,空倉,0,1,1019608.5257823681
2020-11-10,13081.7197265625,NEUTRAL,空倉,0,1,1016055.1304193488
2020-11-11,13262.1904296875,NEUTRAL,空倉,0,1,1030072.261777714
2020-11-12,13221.7802734375,BULL,SMA趨勢,0,1,1026933.6112457439
2020-11-13,13273.330078125,BULL,SMA趨勢,0,1,1030937.4765340742
2020-11-16,13551.830078125,BULL,SMA趨勢,0,1,1052568.5280881918
2020-11-17,13593.009765625,BULL,SMA趨勢,0,1,1055766.947992303
2020-11-18,13773.2900390625,BULL,SMA趨勢,0,1,1069769.2887065469
2020-11-19,13722.4296875,BULL,SMA趨勢,0,1,1065818.973134881
2020-11-20,13716.4404296875,BULL,SMA趨勢,0,1,1065353.7884149055
2020-11-23,13878.009765625,BULL,SMA趨勢,0,1,1077902.8535324228
2020-11-24,13807.1298828125,BULL,SMA趨勢,0,1,1072397.624091608
2020-11-25,13738.830078125,BULL,SMA趨勢,0,1,1067092.7889162705
2020-11-26,13845.66015625,BULL,SMA趨勢,0,1,1075390.2644187922
2020-11-27,13867.08984375,BULL,SMA趨勢,0,1,1077054.704903895
2020-11-30,13722.8896484375,BULL,SMA趨勢,0,1,1065854.6982291427
2020-12-01,13885.669921875,BULL,SMA趨勢,0,1,1078497.8166733794
2020-12-02,13989.1396484375,BULL,SMA趨勢,0,1,1086534.294194255
2020-12-03,13977.08984375,BULL,SMA趨勢,0,1,1085598.3877439413
2020-12-04,14132.4404296875,BULL,SMA趨勢,0,1,1097664.443519081
2020-12-07,14256.599609375,BULL,SMA趨勢,0,1,1107307.8676366294
2020-12-08,14360.400390625,BULL,SMA趨勢,0,1,1115370.0581234389
2020-12-09,14390.1396484375,BULL,SMA趨勢,0,1,1117679.9016384243
2020-12-10,14249.490234375,BULL,SMA趨勢,0,1,1106755.683589439
2020-12-11,14261.6904296875,BULL,SMA趨勢,0,1,1107703.2708561355
2020-12-14,14211.0498046875,BULL,SMA趨勢,0,1,1103770.0214123016
2020-12-15,14068.51953125,BULL,SMA趨勢,0,1,1092699.7173090735
2020-12-16,14304.4599609375,BULL,SMA趨勢,0,1,1111025.1736762943
2020-12-17,14258.9296875,BULL,SMA趨勢,0,1,1107488.844441107
2020-12-18,14249.9599609375,BULL,SMA趨勢,0,1,1106792.1671782713
2020-12-21,14384.9599609375,BULL,SMA趨勢,0,1,1117277.5961183282
2020-12-22,14177.4599609375,BULL,SMA趨勢,0,1,1101161.1034882406
2020-12-23,14223.08984375,BULL,SMA趨勢,0,1,1104705.169368045
2020-12-24,14280.2802734375,BULL,SMA趨勢,0,1,1109147.1411201903
2020-12-25,14331.419921875,BULL,SMA趨勢,0,1,1113119.1496365673
2020-12-28,14483.0703125,BULL,SMA趨勢,0,1,1124897.8118190141
2020-12-29,14472.0498046875,BULL,SMA趨勢,0,1,1124041.850696412
2020-12-30,14687.7001953125,BULL,SMA趨勢,0,1,1140791.3828948855
2020-12-31,14732.5302734375,BULL,SMA趨勢,0,1,1144273.3280693812
2021-01-04,14902.0302734375,BULL,SMA趨勢,0,1,1157438.3666274527
2021-01-05,15000.0302734375,BULL,SMA趨勢,0,1,1165050.0113394938
2021-01-06,14983.1298828125,BULL,SMA趨勢,0,1,1163737.360636104
2021-01-07,15214.0,BULL,SMA趨勢,0,1,1181669.006622416
2021-01-08,15463.9501953125,BULL,SMA趨勢,0,1,1201082.599300213
2021-01-11,15557.2998046875,BULL,SMA趨勢,0,1,1208333.0488978694
2021-01-12,15500.7001953125,BULL,SMA趨勢,0,1,1203936.9660672282
2021-01-13,15769.98046875,BULL,SMA趨勢,0,1,1224851.92289751
2021-01-14,15707.1904296875,BULL,SMA趨勢,0,1,1219975.030358745
2021-01-15,15616.3896484375,BULL,SMA趨勢,0,1,1212922.5478439413
2021-01-18,15612.0,BULL,SMA趨勢,0,1,1212581.6045345839
2021-01-19,15877.3701171875,BULL,SMA趨勢,0,1,1233192.8601389106
2021-01-20,15806.1796875,BULL,SMA趨勢,0,1,1227663.5105707597
2021-01-21,16153.76953125,BULL,SMA趨勢,0,1,1254660.7595109532
2021-01-22,16019.0302734375,BULL,SMA趨勢,0,1,1244195.5823759236
2021-01-25,15946.5400390625,BULL,SMA趨勢,0,1,1238565.2771804633
2021-01-26,15658.849609375,BULL,SMA趨勢,0,1,1216220.406386221
2021-01-27,15701.4501953125,BULL,SMA趨勢,0,1,1219529.187250313
2021-01-28,15415.8798828125,BULL,SMA趨勢,0,1,1197348.9856272864
2021-01-29,15138.3095703125,BULL,SMA趨勢,0,1,1175790.1427562633
2021-02-01,15410.08984375,NEUTRAL,空倉,0,1,1196899.2741965456
2021-02-02,15760.0498046875,BULL,SMA趨勢,0,1,1224080.609768955
2021-02-03,15771.3203125,BULL,SMA趨勢,0,1,1224955.9883525574
2021-02-04,15706.2197265625,BULL,SMA趨勢,0,1,1219899.6359984558
2021-02-05,15802.400390625,NEUTRAL,空倉,0,1,1227369.9731720472
2021-02-17,16362.2900390625,NEUTRAL,空倉,0,1,1270856.5148236386
2021-02-18,16424.509765625,BULL,SMA趨勢,0,1,1275689.111279497
2021-02-19,16341.3798828125,BULL,SMA趨勢,0,1,1269232.4262496766
2021-02-22,16410.16015625,BULL,SMA趨勢,0,1,1274574.5793578736
2021-02-23,16443.400390625,BULL,SMA趨勢,0,1,1277156.3431763174
2021-02-24,16212.5302734375,BULL,SMA趨勢,0,1,1259224.697190005
2021-02-25,16452.1796875,BULL,SMA趨勢,0,1,1277838.229795032
2021-02-26,15953.7998046875,BULL,SMA趨勢,0,1,1239129.1420440366
2021-03-02,15946.8798828125,NEUTRAL,空倉,0,1,1238591.6727915104
2021-03-03,16211.73046875,NEUTRAL,空倉,0,1,1259162.5764846962
2021-03-04,15906.41015625,NEUTRAL,空倉,0,1,1235448.3954426611
2021-03-05,15855.23046875,NEUTRAL,空倉,0,1,1231473.277098546
2021-03-08,15820.1103515625,NEUTRAL,空倉,0,1,1228745.5030753163
2021-03-09,15853.08984375,BULL,SMA趨勢,0,1,1231307.0150887324
2021-03-10,15911.669921875,BULL,SMA趨勢,0,1,1235856.9206182337
2021-03-11,16179.5595703125,BULL,SMA趨勢,0,1,1256663.867821702
2021-03-12,16255.1796875,BULL,SMA趨勢,0,1,1262537.2705269489
2021-03-15,16249.330078125,BULL,SMA趨勢,0,1,1262082.9322793293
2021-03-16,16313.16015625,BULL,SMA趨勢,0,1,1267040.604489833
2021-03-17,16215.8203125,BULL,SMA趨勢,0,1,1259480.2340107448
2021-03-18,16287.83984375,NEUTRAL,空倉,0,1,1265073.9797679158
2021-03-19,16070.240234375,NEUTRAL,空倉,0,1,1248173.0520532068
2021-03-22,16189.2197265625,NEUTRAL,空倉,0,1,1257414.1706506594
2021-03-23,16177.58984375,NEUTRAL,空倉,0,1,1256510.8794668694
2021-03-24,16032.1201171875,NEUTRAL,空倉,0,1,1245212.2684979758
2021-03-25,16060.1396484375,NEUTRAL,空倉,0,1,1247388.5411191282
2021-03-26,16305.8798828125,NEUTRAL,空倉,0,1,1266475.1467876618
2021-03-29,16475.970703125,BULL,SMA趨勢,0,1,1279686.0742672374
2021-03-30,16554.900390625,BULL,SMA趨勢,0,1,1285816.5307823643
2021-03-31,16431.130859375,BULL,SMA趨勢,0,1,1276203.3705981714
2021-04-01,16571.279296875,BULL,SMA趨勢,0,1,1287088.6778756995
2021-04-07,16815.359375,BULL,SMA趨勢,0,1,1306046.339467279
2021-04-08,16926.439453125,BULL,SMA趨勢,0,1,1314673.9118068023
2021-04-09,16854.099609375,BULL,SMA趨勢,0,1,1309055.287427725
2021-04-12,16859.69921875,BULL,SMA趨勢,0,1,1309490.2082143445
2021-04-13,16824.91015625,BULL,SMA趨勢,0,1,1306788.1471570486
2021-04-14,16865.970703125,BULL,SMA趨勢,0,1,1309977.3134274017
2021-04-15,17076.73046875,BULL,SMA趨勢,0,1,1326346.9915450609
2021-04-16,17158.810546875,BULL,SMA趨勢,0,1,1332722.1384085722
2021-04-19,17263.279296875,BULL,SMA趨勢,0,1,1340836.2099239912
2021-04-20,17323.869140625,BULL,SMA趨勢,0,1,1345542.2136360637
2021-04-21,17202.109375,BULL,SMA趨勢,0,1,1336085.1516344422
2021-04-22,17096.970703125,BULL,SMA趨勢,0,1,1327919.0473914992
2021-04-23,17300.26953125,BULL,SMA趨勢,0,1,1343709.2356574365
2021-04-26,17572.2890625,BULL,SMA趨勢,0,1,1364836.9502146917
2021-04-27,17595.900390625,BULL,SMA趨勢,0,1,1366670.8383868034
2021-04-28,17567.529296875,BULL,SMA趨勢,0,1,1364467.2599611196
2021-04-29,17566.66015625,BULL,SMA趨勢,0,1,1364399.7539443613
2021-05-03,17222.349609375,BULL,SMA趨勢,0,1,1337657.2074808802
2021-05-04,16933.779296875,BULL,SMA趨勢,0,1,1315243.9963258521
2021-05-05,16843.439453125,BULL,SMA趨勢,0,1,1308227.3147547673
2021-05-06,16994.359375,NEUTRAL,空倉,0,1,1319949.2415433545
2021-05-07,17285.0,NEUTRAL,空倉,0,1,1342523.2535472894
2021-05-10,17235.609375,BULL,SMA趨勢,0,1,1338687.0914084562
2021-05-11,16583.130859375,BULL,SMA趨勢,0,1,1288009.1868862356
2021-05-12,15902.3701171875,BEAR,均值回歸,1,1,1235134.6062389212
2021-05-13,15670.099609375,BEAR,均值回歸,1,1,1217094.1921312257
2021-05-14,15827.08984375,BEAR,均值回歸,1,1,1229287.5991447216
2021-05-17,15353.8896484375,BEAR,均值回歸,1,1,1192534.2137938307
2021-05-18,16145.98046875,BEAR,均值回歸,0,1,1254055.7842416686
2021-05-19,16132.66015625,BEAR,均值回歸,0,1,1253021.1976477567
2021-05-20,16042.3603515625,BEAR,均值回歸,0,1,1246007.62590441
2021-05-21,16302.0595703125,BEAR,均值回歸,0,1,1266178.423711754
2021-05-24,16338.2900390625,BEAR,均值回歸,0,1,1268992.4385676286
2021-05-25,16595.669921875,NEUTRAL,空倉,0,1,1288983.093914522
2021-05-26,16643.689453125,NEUTRAL,空倉,0,1,1292712.763415683
2021-05-27,16601.609375,NEUTRAL,空倉,0,1,1289444.4103121888
2021-05-28,16870.859375,NEUTRAL,空倉,0,1,1310357.0158093022
2021-05-31,17068.4296875,NEUTRAL,空倉,0,1,1325702.271160292
2021-06-01,17162.380859375,NEUTRAL,空倉,0,1,1332999.44402348
2021-06-02,17165.0390625,NEUTRAL,空倉,0,1,1333205.90624552
2021-06-03,17246.16015625,NEUTRAL,空倉,0,1,1339506.5689422262
2021-06-04,17147.41015625,NEUTRAL,空倉,0,1,1331836.6718471847
2021-06-07,17083.91015625,NEUTRAL,空倉,0,1,1326904.636753158
2021-06-08,17076.2109375,BULL,SMA趨勢,0,1,1326306.6396339203
2021-06-09,16966.220703125,BULL,SMA趨勢,0,1,1317763.715288444
2021-06-10,17159.220703125,BULL,SMA趨勢,0,1,1332753.9951805254
2021-06-11,17213.51953125,BULL,SMA趨勢,0,1,1336971.3766903998
2021-06-15,17371.2890625,BULL,SMA趨勢,0,1,1349225.3115706071
2021-06-16,17307.859375,BULL,SMA趨勢,0,1,1344298.7376374865
2021-06-17,17390.609375,BULL,SMA趨勢,1,1,1350725.9172285215
2021-06-18,17318.5390625,BULL,SMA趨勢,0,1,1345128.2272995848
2021-06-21,17062.98046875,BULL,SMA趨勢,0,1,1325279.0311900552
2021-06-22,17075.55078125,BULL,SMA趨勢,0,1,1326255.3654009667
2021-06-23,17336.7109375,BULL,SMA趨勢,0,1,1346539.63399603
2021-06-24,17407.9609375,BULL,SMA趨勢,0,1,1352073.6103810603
2021-06-25,17502.990234375,BULL,SMA趨勢,0,1,1359454.5210448112
2021-06-28,17590.970703125,BULL,SMA趨勢,0,1,1366287.9503277075
2021-06-29,17598.189453125,BULL,SMA趨勢,0,1,1366848.6295140856
2021-06-30,17755.4609375,BULL,SMA趨勢,0,1,1379063.8811712067
2021-07-01,17713.939453125,BULL,SMA趨勢,0,1,1375838.9139571344
2021-07-02,17710.150390625,BULL,SMA趨勢,0,1,1375544.6180638515
2021-07-05,17919.330078125,BULL,SMA趨勢,0,1,1391791.5717600335
2021-07-06,17913.0703125,BULL,SMA趨勢,0,1,1391305.3767404605
2021-07-07,17850.689453125,BULL,SMA趨勢,0,1,1386460.2651241922
2021-07-08,17866.08984375,BULL,SMA趨勢,0,1,1387656.4110615815
2021-07-09,17661.48046875,BULL,SMA趨勢,0,1,1371764.4328243078
2021-07-12,17814.330078125,BULL,SMA趨勢,0,1,1383636.238139989
2021-07-13,17847.51953125,BULL,SMA趨勢,0,1,1386214.0577866673
2021-07-14,17845.75,BULL,SMA趨勢,0,1,1386076.618570526
2021-07-15,18034.189453125,BULL,SMA趨勢,0,1,1400712.6814982696
2021-07-16,17895.25,BULL,SMA趨勢,0,1,1389921.2758485468
2021-07-19,17789.25,BULL,SMA趨勢,0,1,1381688.272384502
2021-07-20,17528.740234375,BULL,SMA趨勢,0,1,1361454.519527822
2021-07-21,17458.7890625,NEUTRAL,空倉,0,1,1356021.422920644
2021-07-22,17572.330078125,NEUTRAL,空倉,0,1,1364840.1358918871
2021-07-23,17572.919921875,NEUTRAL,空倉,0,1,1364885.9489639343
2021-07-26,17403.560546875,NEUTRAL,空倉,0,1,1351731.8327276756
2021-07-27,17269.869140625,NEUTRAL,空倉,0,1,1341348.042060041
2021-07-28,17135.220703125,BEAR,均值回歸,1,1,1330889.9189245154
2021-07-29,17402.810546875,BEAR,均值回歸,0,1,1351673.580344675
2021-07-30,17247.41015625,NEUTRAL,空倉,0,1,1339603.6562472268
2021-08-02,17503.279296875,BEAR,均值回歸,0,1,1359476.9724840925
2021-08-03,17553.759765625,NEUTRAL,空倉,0,1,1363397.7826169732
2021-08-04,17623.890625,NEUTRAL,空倉,0,1,1368844.835524245
2021-08-05,17603.119140625,NEUTRAL,空倉,0,1,1367231.5175731815
2021-08-06,17526.279296875,NEUTRAL,空倉,0,1,1361263.378896102
2021-08-09,17485.150390625,NEUTRAL,空倉,0,1,1358068.9031637567
2021-08-10,17323.640625,NEUTRAL,空倉,0,1,1345524.4648631185
2021-08-11,17227.1796875,BEAR,均值回歸,0,1,1338032.3588953589
2021-08-12,17219.939453125,BEAR,均值回歸,0,1,1337470.011020926
2021-08-13,16982.109375,BEAR,均值回歸,0,1,1318997.7859543492
2021-08-16,16858.76953125,BEAR,均值回歸,0,1,1309417.9995312504
2021-08-17,16661.359375,BEAR,均值回歸,0,1,1294085.183491214
2021-08-18,16826.26953125,BEAR,均值回歸,0,1,1306893.7296012365
2021-08-19,16375.400390625,BEAR,均值回歸,1,1,1271874.7937842887
2021-08-20,16341.9404296875,BEAR,均值回歸,1,1,1269275.963838013
2021-08-23,16741.83984375,BEAR,均值回歸,0,1,1300336.0889441073
2021-08-24,16818.73046875,BEAR,均值回歸,0,1,1306308.1717929523
2021-08-25,17045.859375,NEUTRAL,空倉,0,1,1323949.238509376
2021-08-26,17066.9609375,NEUTRAL,空倉,0,1,1325588.1935769164
2021-08-27,17209.9296875,NEUTRAL,空倉,0,1,1336692.5540863518
2021-08-30,17396.51953125,NEUTRAL,空倉,0,1,1351184.958142477
2021-08-31,17490.2890625,NEUTRAL,空倉,0,1,1358468.0230066571
2021-09-01,17473.990234375,NEUTRAL,空倉,0,1,1357202.095568799
2021-09-02,17319.759765625,NEUTRAL,空倉,0,1,1345223.0391208744
2021-09-03,17516.919921875,NEUTRAL,空倉,0,1,1360536.4376999107
2021-09-06,17495.30078125,NEUTRAL,空倉,0,1,1358857.2824201437
2021-09-07,17428.869140625,NEUTRAL,空倉,0,1,1353697.547256108
2021-09-08,17270.490234375,NEUTRAL,空倉,0,1,1341396.2823147129
2021-09-09,17304.330078125,BEAR,均值回歸,-1,0,1000000.0
2021-09-10,17474.5703125,BEAR,均值回歸,-1,0,1000000.0
2021-09-13,17446.310546875,BULL,SMA趨勢,0,0,1000000.0
2021-09-14,17434.900390625,BULL,SMA趨勢,0,0,1000000.0
2021-09-15,17354.0,BULL,SMA趨勢,0,0,1000000.0
2021-09-16,17278.69921875,BEAR,均值回歸,0,0,1000000.0
2021-09-17,17276.7890625,BEAR,均值回歸,0,0,1000000.0
2021-09-22,16925.8203125,BEAR,均值回歸,0,0,1000000.0
2021-09-23,17078.220703125,BEAR,均值回歸,0,0,1000000.0
2021-09-24,17260.189453125,BEAR,均值回歸,0,0,1000000.0
2021-09-27,17313.76953125,BEAR,均值回歸,0,0,1000000.0
2021-09-28,17181.439453125,NEUTRAL,空倉,0,0,1000000.0
2021-09-29,16855.4609375,NEUTRAL,空倉,0,0,1000000.0
2021-09-30,16934.76953125,NEUTRAL,空倉,0,0,1000000.0
2021-10-01,16570.890625,NEUTRAL,空倉,0,0,1000000.0
2021-10-04,16408.349609375,BEAR,均值回歸,1,1,1000000.0
2021-10-05,16460.75,BEAR,均值回歸,1,1,1003193.5198769204
2021-10-06,16393.16015625,BEAR,均值回歸,0,1,999074.2851361284
2021-10-07,16713.859375,BEAR,均值回歸,0,1,1018619.1648092655
2021-10-08,16640.4296875,BEAR,均值回歸,0,1,1014144.0232351217
2021-10-12,16462.83984375,BEAR,均值回歸,0,1,1003320.8845296584
2021-10-13,16347.990234375,BEAR,均值回歸,0,1,996321.4231512039
2021-10-14,16387.279296875,BEAR,均值回歸,0,1,998715.8786226762
2021-10-15,16781.189453125,BEAR,均值回歸,0,1,1022722.5682427546
2021-10-18,16705.4609375,BEAR,均值回歸,0,1,1018107.3255505993
2021-10-19,16900.669921875,BEAR,均值回歸,0,1,1030004.2554077902
2021-10-20,16887.8203125,NEUTRAL,空倉,0,1,1029221.1413420307
2021-10-21,16889.509765625,NEUTRAL,空倉,0,1,1029324.1043556926
2021-10-22,16888.740234375,NEUTRAL,空倉,0,1,1029277.2055957124
2021-10-25,16894.240234375,BEAR,均值回歸,0,1,1029612.400793946
2021-10-26,17034.33984375,NEUTRAL,空倉,0,1,1038150.7128552
2021-10-27,17074.55078125,NEUTRAL,空倉,0,1,1040601.35161274
2021-10-28,17041.630859375,NEUTRAL,空倉,0,1,1038595.0607511539
2021-10-29,16987.41015625,NEUTRAL,空倉,0,1,1035290.6026907271
2021-11-01,17068.240234375,NEUTRAL,空倉,0,1,1040216.7579744259
2021-11-02,17065.970703125,BULL,SMA趨勢,0,1,1040078.4423422003
2021-11-03,17122.16015625,BULL,SMA趨勢,0,1,1043502.8850474493
2021-11-04,17078.859375,BULL,SMA趨勢,0,1,1040863.9370556745
2021-11-05,17296.900390625,BULL,SMA趨勢,0,1,1054152.3555021232
2021-11-08,17415.30078125,BULL,SMA趨勢,0,1,1061368.2177578465
2021-11-09,17541.359375,BULL,SMA趨勢,0,1,1069050.805998042
2021-11-10,17559.650390625,BULL,SMA趨勢,0,1,1070165.5442904627
2021-11-11,17452.51953125,BULL,SMA趨勢,1,1,1063636.4989004384
2021-11-12,17518.130859375,BULL,SMA趨勢,0,1,1067635.1538344794
2021-11-15,17634.470703125,BULL,SMA趨勢,0,1,1074725.4369232508
2021-11-16,17693.130859375,BULL,SMA趨勢,0,1,1078300.4555964563
2021-11-17,17764.0390625,BULL,SMA趨勢,0,1,1082621.9263606146
2021-11-18,17841.369140625,BULL,SMA趨勢,0,1,1087334.775609074
2021-11-19,17818.310546875,BULL,SMA趨勢,0,1,1085929.4792630705
2021-11-22,17803.5390625,BULL,SMA趨勢,0,1,1085029.2373297466
2021-11-23,17666.119140625,BULL,SMA趨勢,0,1,1076654.2377017227
2021-11-24,17642.51953125,BULL,SMA趨勢,0,1,1075215.9693848705
2021-11-25,17654.189453125,BULL,SMA趨勢,0,1,1075927.187889645
2021-11-26,17369.390625,BULL,SMA趨勢,0,1,1058570.2424987277
2021-11-29,17328.08984375,NEUTRAL,空倉,0,1,1056053.1836699469
2021-11-30,17427.759765625,NEUTRAL,空倉,0,1,1062127.5253464587
2021-12-01,17585.990234375,NEUTRAL,空倉,0,1,1071770.8150445034
2021-12-02,17724.880859375,BULL,SMA趨勢,0,1,1080235.4460589865
2021-12-03,17697.140625,BULL,SMA趨勢,0,1,1078544.829084373
2021-12-06,17688.2109375,NEUTRAL,空倉,0,1,1078000.6130167865
2021-12-07,17796.919921875,NEUTRAL,空倉,0,1,1084625.836574486
2021-12-08,17832.419921875,NEUTRAL,空倉,0,1,1086789.3692176298
2021-12-09,17914.119140625,BULL,SMA趨勢,0,1,1091768.4939129816
2021-12-10,17826.259765625,BULL,SMA趨勢,0,1,1086413.9410730174
2021-12-13,17767.599609375,NEUTRAL,空倉,0,1,1082838.922399812
2021-12-14,17599.369140625,NEUTRAL,空倉,0,1,1072586.1868867972
2021-12-15,17660.099609375,NEUTRAL,空倉,0,1,1076287.3798888833
2021-12-16,17785.740234375,NEUTRAL,空倉,0,1,1083944.495198531
2021-12-17,17812.58984375,NEUTRAL,空倉,0,1,1085580.8334052488
2021-12-20,17669.109375,NEUTRAL,空倉,0,1,1076836.476284285
2021-12-21,17789.26953125,NEUTRAL,空倉,0,1,1084159.5867195567
2021-12-22,17826.830078125,NEUTRAL,空倉,0,1,1086448.6985296523
2021-12-23,17946.66015625,NEUTRAL,空倉,0,1,1093751.6924917349
2021-12-24,17961.640625,NEUTRAL,空倉,0,1,1094664.6708903324
2021-12-27,18048.939453125,BULL,SMA趨勢,0,1,1099985.0614355903
2021-12-28,18196.810546875,BULL,SMA趨勢,0,1,1108997.003359689
2021-12-29,18248.279296875,BULL,SMA趨勢,0,1,1112133.7447886132
2021-12-30,18218.83984375,BULL,SMA趨勢,0,1,1110339.5696384092
2022-01-03,18270.509765625,BULL,SMA趨勢,0,1,1113488.5714030645
2022-01-04,18526.349609375,BULL,SMA趨勢,0,1,1129080.623610669
2022-01-05,18499.9609375,BULL,SMA趨勢,0,1,1127472.377046985
2022-01-06,18367.919921875,BULL,SMA趨勢,0,1,1119425.1926092792
2022-01-07,18169.759765625,BULL,SMA趨勢,0,1,1107348.4048172405
2022-01-10,18239.380859375,NEUTRAL,空倉,0,1,1111591.4332391985
2022-01-11,18288.2109375,BULL,SMA趨勢,0,1,1114567.361914993
2022-01-12,18375.400390625,BULL,SMA趨勢,0,1,1119881.0866466493
2022-01-13,18436.9296875,BULL,SMA趨勢,0,1,1123630.9638945016
2022-01-14,18403.330078125,BULL,SMA趨勢,0,1,1121583.2497626792
2022-01-17,18525.439453125,BULL,SMA趨勢,0,1,1129025.1545189158
2022-01-18,18378.640625,BULL,SMA趨勢,0,1,1120078.561374586
2022-01-19,18227.4609375,BULL,SMA趨勢,0,1,1110864.9785890495
2022-01-20,18218.279296875,BULL,SMA趨勢,0,1,1110305.407343703
2022-01-21,17899.30078125,NEUTRAL,空倉,0,1,1090865.3952023997
2022-01-24,17989.0390625,BEAR,均值回歸,0,1,1096334.457197442
2022-01-25,17701.119140625,NEUTRAL,空倉,0,1,1078787.298054118
2022-01-26,17674.400390625,BEAR,均值回歸,1,1,1077158.935017245
2022-02-07,17900.30078125,BEAR,均值回歸,0,1,1090926.3397838967
2022-02-08,17966.560546875,BEAR,均值回歸,0,1,1094964.5134700025
2022-02-09,18151.759765625,NEUTRAL,空倉,0,1,1106251.4023502944
2022-02-10,18338.05078125,NEUTRAL,空倉,0,1,1117604.830334213
2022-02-11,18310.939453125,NEUTRAL,空倉,0,1,1115952.541787807
2022-02-14,17997.669921875,NEUTRAL,空倉,0,1,1096860.461310011
2022-02-15,17951.810546875,NEUTRAL,空倉,0,1,1094065.5808929214
2022-02-16,18231.470703125,BEAR,均值回歸,0,1,1111109.3520769663
2022-02-17,18268.5703125,NEUTRAL,空倉,0,1,1113370.3722440281
2022-02-18,18232.349609375,NEUTRAL,空倉,0,1,1111162.9166505476
2022-02-21,18221.490234375,NEUTRAL,空倉,0,1,1110501.0965858535
2022-02-22,17969.2890625,NEUTRAL,空倉,0,1,1095130.801712876
2022-02-23,18055.73046875,BEAR,均值回歸,0,1,1100398.9370407953
2022-02-24,17594.55078125,BEAR,均值回歸,0,1,1072292.5339911857
2022-02-25,17652.1796875,BEAR,均值回歸,0,1,1075804.7035647226
2022-03-01,17898.25,BEAR,均值回歸,0,1,1090801.3557788737
2022-03-02,17867.599609375,NEUTRAL,空倉,0,1,1088933.380549513
2022-03-03,17934.400390625,NEUTRAL,空倉,0,1,1093004.5262064675
2022-03-04,17736.51953125,NEUTRAL,空倉,0,1,1080944.7600455894
2022-03-07,17178.689453125,NEUTRAL,空倉,0,1,1046948.0393878166
2022-03-08,16825.25,BEAR,均值回歸,1,1,1025407.8198325809
2022-03-09,17015.359375,BEAR,均值回歸,0,1,1036993.9561306143
2022-03-10,17433.19921875,BEAR,均值回歸,0,1,1062459.0305407345
2022-03-11,17264.740234375,BEAR,均值回歸,0,1,1052192.3682385886
2022-03-14,17263.0390625,BEAR,均值回歸,0,1,1052088.6910306122
2022-03-15,16926.060546875,BEAR,均值回歸,0,1,1031551.6764223627
2022-03-16,16940.830078125,BEAR,均值回歸,0,1,1032451.799323301
2022-03-17,17448.220703125,BEAR,均值回歸,0,1,1063374.5086194326
2022-03-18,17456.51953125,BEAR,均值回歸,0,1,1063880.2772264264
2022-03-21,17560.359375,NEUTRAL,空倉,0,1,1070208.7530464851
2022-03-22,17559.7109375,NEUTRAL,空倉,0,1,1070169.2342944206
2022-03-23,17731.369140625,NEUTRAL,空倉,0,1,1080630.8716444026
2022-03-24,17699.060546875,NEUTRAL,空倉,0,1,1078661.837919552
2022-03-25,17676.94921875,NEUTRAL,空倉,0,1,1077314.272280631
2022-03-28,17520.009765625,BEAR,均值回歸,0,1,1067749.662989558
2022-03-29,17548.66015625,BEAR,均值回歸,0,1,1069495.7490559246
2022-03-30,17740.560546875,BEAR,均值回歸,0,1,1081191.0380516779
2022-03-31,17693.470703125,BEAR,均值回歸,0,1,1078321.1672315744
2022-04-01,17625.58984375,BEAR,均值回歸,0,1,1074184.1966653075
2022-04-06,17522.5,BEAR,均值回歸,-1,0,1000000.0
2022-04-07,17178.630859375,BEAR,均值回歸,0,0,1000000.0
2022-04-08,17284.5390625,BEAR,均值回歸,0,0,1000000.0
2022-04-11,17048.369140625,BEAR,均值回歸,0,0,1000000.0
2022-04-12,16990.91015625,BEAR,均值回歸,0,0,1000000.0
2022-04-13,17301.650390625,BEAR,均值回歸,0,0,1000000.0
2022-04-14,17245.650390625,BEAR,均值回歸,0,0,1000000.0
2022-04-15,17004.1796875,BEAR,均值回歸,0,0,1000000.0
2022-04-18,16898.869140625,BEAR,均值回歸,0,0,1000000.0
2022-04-19,16993.400390625,BEAR,均值回歸,0,0,1000000.0
2022-04-20,17148.880859375,BEAR,均值回歸,0,0,1000000.0
2022-04-21,17127.94921875,BEAR,均值回歸,0,0,1000000.0
2022-04-22,17025.08984375,BEAR,均值回歸,0,0,1000000.0
2022-04-25,16620.900390625,BEAR,均值回歸,1,1,1000000.0
2022-04-26,16644.7890625,BEAR,均值回歸,0,1,1001437.2670140346
2022-04-27,16303.349609375,BEAR,均值回歸,0,1,980894.4898418912
2022-04-28,16419.380859375,BEAR,均值回歸,0,1,987875.5346272537
2022-04-29,16592.1796875,BEAR,均值回歸,0,1,998272.0128001489
2022-05-03,16498.900390625,NEUTRAL,空倉,0,1,992659.8441039444
2022-05-04,16565.830078125,NEUTRAL,空倉,0,1,996686.6829590615
2022-05-05,16696.119140625,NEUTRAL,空倉,0,1,1004525.5520598888
2022-05-06,16408.19921875,NEUTRAL,空倉,0,1,987202.7888456046
2022-05-09,16048.919921875,NEUTRAL,空倉,0,1,965586.6736875083
2022-05-10,16061.7001953125,BEAR,均值回歸,0,1,966355.6015516515
2022-05-11,16006.25,NEUTRAL,空倉,0,1,963019.4287806639
2022-05-12,15616.6796875,BEAR,均值回歸,1,1,939580.848237835
2022-05-13,15832.5400390625,BEAR,均值回歸,0,1,952568.132108705
2022-05-16,15901.0400390625,BEAR,均值回歸,0,1,956689.4491487034
2022-05-17,16056.08984375,NEUTRAL,空倉,0,1,966018.0535590249
2022-05-18,16296.8603515625,NEUTRAL,空倉,0,1,980504.0622681745
2022-05-19,16020.3203125,NEUTRAL,空倉,0,1,963865.9721188296
2022-05-20,16144.849609375,NEUTRAL,空倉,0,1,971358.3036982452
2022-05-23,16156.41015625,NEUTRAL,空倉,0,1,972053.8464548531
2022-05-24,15963.6298828125,NEUTRAL,空倉,0,1,960455.1803834146
2022-05-25,16104.0302734375,NEUTRAL,空倉,0,1,968902.3996871408
2022-05-26,15968.830078125,NEUTRAL,空倉,0,1,960768.0512381989
2022-05-27,16266.2197265625,NEUTRAL,空倉,0,1,978660.562561186
2022-05-30,16610.619140625,NEUTRAL,空倉,0,1,999381.4264114236
2022-05-31,16807.76953125,NEUTRAL,空倉,0,1,1011243.021511061
2022-06-01,16675.08984375,NEUTRAL,空倉,0,1,1003260.3199496681
2022-06-02,16552.5703125,NEUTRAL,空倉,0,1,995888.906345679
2022-06-06,16605.9609375,NEUTRAL,空倉,0,1,999101.164631645
2022-06-07,16512.880859375,NEUTRAL,空倉,0,1,993500.9819738208
2022-06-08,16670.509765625,BEAR,均值回歸,0,1,1002984.7585770974
2022-06-09,16621.33984375,BEAR,均值回歸,0,1,1000026.4397905451
2022-06-10,16460.119140625,BEAR,均值回歸,0,1,990326.5619658795
2022-06-13,16070.98046875,BEAR,均值回歸,0,1,966913.951172875
2022-06-14,16047.3701171875,BEAR,均值回歸,0,1,965493.429359519
2022-06-15,15999.25,BEAR,均值回歸,0,1,962598.2722948245
2022-06-16,15838.6103515625,BEAR,均值回歸,0,1,952933.3537487687
2022-06-17,15641.259765625,BEAR,均值回歸,0,1,941059.7138556605
2022-06-20,15367.580078125,BEAR,均值回歸,1,1,924593.7173652197
2022-06-21,15728.6396484375,BEAR,均值回歸,0,1,946316.9430525689
2022-06-22,15347.75,BEAR,均值回歸,0,1,923400.6365056421
2022-06-23,15176.4404296875,BEAR,均值回歸,0,1,913093.7598451498
2022-06-24,15303.3203125,BEAR,均值回歸,0,1,920727.5149264369
2022-06-27,15548.009765625,BEAR,均值回歸,0,1,935449.3078121591
2022-06-28,15439.919921875,NEUTRAL,空倉,0,1,928946.0594194927
2022-06-29,15240.1298828125,BEAR,均值回歸,0,1,916925.6493113139
2022-06-30,14825.73046875,BEAR,均值回歸,0,1,891993.2206026838
2022-07-01,14343.080078125,BEAR,均值回歸,1,1,862954.4574020309
2022-07-04,14217.0595703125,BEAR,均值回歸,1,1,855372.4068000321
2022-07-05,14349.2001953125,BEAR,均值回歸,0,1,863322.6755516897
2022-07-06,13985.509765625,BEAR,均值回歸,0,1,841441.16365161
2022-07-07,14336.26953125,BEAR,均值回歸,0,1,862544.6994036711
2022-07-08,14464.5302734375,BEAR,均值回歸,0,1,870261.53418236
2022-07-11,14340.5302734375,NEUTRAL,空倉,0,1,862801.0478617789
2022-07-12,13950.6201171875,NEUTRAL,空倉,0,1,839342.0205475951
2022-07-13,14324.6796875,BEAR,均值回歸,0,1,861847.3939943602
2022-07-14,14438.51953125,NEUTRAL,空倉,0,1,868696.5923575374
2022-07-15,14550.6201171875,NEUTRAL,空倉,0,1,875441.1479052459
2022-07-18,14719.6396484375,NEUTRAL,空倉,0,1,885610.2438794528
2022-07-19,14694.080078125,NEUTRAL,空倉,0,1,884072.4469062566
2022-07-20,14733.2197265625,NEUTRAL,空倉,0,1,886427.2921623882
2022-07-21,14937.7001953125,NEUTRAL,空倉,0,1,898729.9029683189
2022-07-22,14949.3603515625,NEUTRAL,空倉,0,1,899431.438744117
2022-07-25,14936.330078125,NEUTRAL,空倉,0,1,898647.4695769082
2022-07-26,14806.7802734375,NEUTRAL,空倉,0,1,890853.0780792867
2022-07-27,14921.58984375,NEUTRAL,空倉,0,1,897760.6202469335
2022-07-28,14891.900390625,NEUTRAL,空倉,0,1,895974.3479977029
2022-07-29,15000.0703125,BEAR,均值回歸,0,1,902482.4143077575
2022-08-01,14981.6904296875,BEAR,均值回歸,-1,0,1000000.0
2022-08-02,14747.23046875,BEAR,均值回歸,0,0,1000000.0
2022-08-03,14777.01953125,BEAR,均值回歸,0,0,1000000.0
2022-08-04,14702.2001953125,BEAR,均值回歸,0,0,1000000.0
2022-08-05,15036.0400390625,BEAR,均值回歸,0,0,1000000.0
2022-08-08,15020.41015625,BEAR,均值回歸,0,0,1000000.0
2022-08-09,15050.2802734375,BEAR,均值回歸,0,0,1000000.0
2022-08-10,14939.01953125,NEUTRAL,空倉,0,0,1000000.0
2022-08-11,15197.849609375,BEAR,均值回歸,-1,0,1000000.0
2022-08-12,15288.9697265625,NEUTRAL,空倉,0,0,1000000.0
2022-08-15,15417.349609375,NEUTRAL,空倉,0,0,1000000.0
2022-08-16,15420.5703125,NEUTRAL,空倉,0,0,1000000.0
2022-08-17,15465.4501953125,NEUTRAL,空倉,0,0,1000000.0
2022-08-18,15396.759765625,NEUTRAL,空倉,0,0,1000000.0
2022-08-19,15408.7802734375,NEUTRAL,空倉,0,0,1000000.0
2022-08-22,15245.1396484375,NEUTRAL,空倉,0,0,1000000.0
2022-08-23,15095.8896484375,NEUTRAL,空倉,0,0,1000000.0
2022-08-24,15069.1904296875,NEUTRAL,空倉,0,0,1000000.0
2022-08-25,15200.0400390625,NEUTRAL,空倉,0,0,1000000.0
2022-08-26,15278.4404296875,NEUTRAL,空倉,0,0,1000000.0
2022-08-29,14926.1904296875,NEUTRAL,空倉,0,0,1000000.0
2022-08-30,14953.6298828125,NEUTRAL,空倉,0,0,1000000.0
2022-08-31,15095.4404296875,NEUTRAL,空倉,0,0,1000000.0
2022-09-01,14801.8603515625,NEUTRAL,空倉,0,0,1000000.0
2022-09-02,14673.0400390625,NEUTRAL,空倉,0,0,1000000.0
2022-09-05,14661.099609375,BEAR,均值回歸,0,0,1000000.0
2022-09-06,14677.2001953125,BEAR,均值回歸,0,0,1000000.0
2022-09-07,14410.0498046875,BEAR,均值回歸,1,1,1000000.0
2022-09-08,14583.419921875,BEAR,均值回歸,0,1,1012031.1948631229
2022-09-12,14807.4296875,BEAR,均值回歸,0,1,1027576.5794149605
2022-09-13,14894.41015625,NEUTRAL,空倉,0,1,1033612.677133492
2022-09-14,14658.3095703125,NEUTRAL,空倉,0,1,1017228.2378610685
2022-09-15,14670.0400390625,NEUTRAL,空倉,0,1,1018042.2856200279
2022-09-16,14561.759765625,NEUTRAL,空倉,0,1,1010528.0663837921
2022-09-19,14425.6796875,NEUTRAL,空倉,0,1,1001084.6515469651
2022-09-20,14549.2998046875,BEAR,均值回歸,0,1,1009663.3947756866
2022-09-21,14424.51953125,BEAR,均值回歸,0,1,1001004.1413290462
2022-09-22,14284.6298828125,BEAR,均值回歸,0,1,991296.3575022342
2022-09-23,14118.3798828125,BEAR,均值回歸,0,1,979759.2703822494
2022-09-26,13778.1904296875,BEAR,均值回歸,1,1,956151.4787551629
2022-09-27,13826.58984375,BEAR,均值回歸,0,1,959510.2051106233
2022-09-28,13466.0703125,BEAR,均值回歸,1,1,934491.5871227295
2022-09-29,13534.259765625,BEAR,均值回歸,1,1,939223.6632813294
2022-09-30,13424.580078125,BEAR,均值回歸,0,1,931612.3302889672
2022-10-03,13300.48046875,BEAR,均值回歸,0,1,923000.3122142878
2022-10-04,13576.51953125,BEAR,均值回歸,0,1,942156.3225155296
2022-10-05,13801.4296875,BEAR,均值回歸,0,1,957764.1905866613
2022-10-06,13892.0498046875,NEUTRAL,空倉,0,1,964052.8653945735
2022-10-07,13702.2802734375,NEUTRAL,空倉,0,1,950883.6165840478
2022-10-11,13106.0302734375,NEUTRAL,空倉,0,1,909506.2439807939
2022-10-12,13081.240234375,NEUTRAL,空倉,0,1,907785.9141138953
2022-10-13,12810.73046875,BEAR,均值回歸,0,1,889013.6149690995
2022-10-14,13128.1201171875,BEAR,均值回歸,0,1,911039.1910593539
2022-10-17,12966.0498046875,BEAR,均值回歸,0,1,899792.1575864175
2022-10-18,13124.6796875,BEAR,均值回歸,0,1,910800.4389568884
2022-10-19,12976.759765625,BEAR,均值回歸,0,1,900535.3861722074
2022-10-20,12946.099609375,BEAR,均值回歸,0,1,898407.6935781105
2022-10-21,12819.2001953125,BEAR,均值回歸,0,1,889601.380221635
2022-10-24,12856.98046875,BEAR,均值回歸,0,1,892223.1805588696
2022-10-25,12666.1201171875,BEAR,均值回歸,0,1,878978.2331680276
2022-10-26,12729.0498046875,BEAR,均值回歸,0,1,883345.3025642437
2022-10-27,12926.3701171875,BEAR,均值回歸,0,1,897038.5454866805
2022-10-28,12788.419921875,NEUTRAL,空倉,0,1,887465.3519736626
2022-10-31,12949.75,NEUTRAL,空倉,0,1,898661.0161324721
2022-11-01,13037.2099609375,NEUTRAL,空倉,0,1,904730.3886969618
2022-11-02,13100.169921875,NEUTRAL,空倉,0,1,909099.5589490326
2022-11-03,12986.599609375,NEUTRAL,空倉,0,1,901218.2320945581
2022-11-04,13026.7099609375,NEUTRAL,空倉,0,1,904001.730563068
2022-11-07,13223.73046875,NEUTRAL,空倉,0,1,917674.1682355881
2022-11-08,13347.759765625,NEUTRAL,空倉,0,1,926281.306903121
2022-11-09,13638.8095703125,NEUTRAL,空倉,0,1,946479.0028606203
2022-11-10,13503.759765625,NEUTRAL,空倉,0,1,937107.0848924
2022-11-11,14007.5595703125,NEUTRAL,空倉,0,1,972068.7825628422
2022-11-14,14174.900390625,NEUTRAL,空倉,0,1,983681.5682631431
2022-11-15,14546.3095703125,NEUTRAL,空倉,0,1,1009455.8844328682
2022-11-16,14537.349609375,NEUTRAL,空倉,0,1,1008834.098869394
2022-11-17,14535.23046875,NEUTRAL,空倉,0,1,1008687.0389595586
2022-11-18,14504.990234375,NEUTRAL,空倉,0,1,1006588.487269254
2022-11-21,14449.3896484375,NEUTRAL,空倉,0,1,1002730.0282985283
2022-11-22,14542.2001953125,NEUTRAL,空倉,0,1,1009170.7101929664
2022-11-23,14608.5400390625,NEUTRAL,空倉,0,1,1013774.430835793
2022-11-24,14784.0,NEUTRAL,空倉,0,1,1025950.65252244
2022-11-25,14778.509765625,NEUTRAL,空倉,0,1,1025569.6521477422
2022-11-28,14556.8701171875,NEUTRAL,空倉,0,1,1010188.7442784716
2022-11-29,14709.6396484375,NEUTRAL,空倉,0,1,1020790.3406171813
2022-11-30,14879.5498046875,NEUTRAL,空倉,0,1,1032581.4279869647
2022-12-01,15012.7998046875,NEUTRAL,空倉,0,1,1041828.4466861405
2022-12-02,14970.6796875,NEUTRAL,空倉,0,1,1038905.4784966898
2022-12-05,14980.740234375,NEUTRAL,空倉,0,1,1039603.6403359175
2022-12-06,14728.8798828125,NEUTRAL,空倉,0,1,1022125.5361672161
2022-12-07,14630.009765625,NEUTRAL,空倉,0,1,1015264.3442541016
2022-12-08,14553.0400390625,NEUTRAL,空倉,0,1,1009922.9521280688
2022-12-09,14705.4296875,NEUTRAL,空倉,0,1,1020498.1861142782
2022-12-12,14612.58984375,NEUTRAL,空倉,0,1,1014055.471133529
2022-12-13,14522.9599609375,NEUTRAL,空倉,0,1,1007835.5146429314
2022-12-14,14739.3603515625,NEUTRAL,空倉,0,1,1022852.8389102358
2022-12-15,14734.1298828125,NEUTRAL,空倉,0,1,1022489.8652341632
2022-12-16,14528.5498046875,NEUTRAL,空倉,0,1,1008223.4275110868
2022-12-19,14433.3203125,NEUTRAL,空倉,0,1,1001614.880456897
2022-12-20,14170.0302734375,NEUTRAL,空倉,0,1,983343.6015486968
2022-12-21,14234.400390625,NEUTRAL,空倉,0,1,987810.6310218746
2022-12-22,14442.9404296875,NEUTRAL,空倉,0,1,1002282.4782319142
2022-12-23,14271.6298828125,NEUTRAL,空倉,0,1,990394.2093364609
2022-12-26,14285.1298828125,NEUTRAL,空倉,0,1,991331.0555086101
2022-12-27,14328.4296875,NEUTRAL,空倉,0,1,994335.8893068538
2022-12-28,14173.099609375,NEUTRAL,空倉,0,1,983556.601224555
2022-12-29,14085.01953125,NEUTRAL,空倉,0,1,977444.1949998139
2022-12-30,14137.6904296875,BEAR,均值回歸,0,1,981099.3453394308
2023-01-03,14224.1201171875,NEUTRAL,空倉,0,1,987097.2210353139
2023-01-04,14199.1298828125,NEUTRAL,空倉,0,1,985362.9984119562
2023-01-05,14301.0498046875,NEUTRAL,空倉,0,1,992435.834610055
2023-01-06,14373.33984375,NEUTRAL,空倉,0,1,997452.4750826636
2023-01-09,14752.2099609375,NEUTRAL,空倉,0,1,1023744.550566279
2023-01-10,14802.9599609375,NEUTRAL,空倉,0,1,1027266.3982134323
2023-01-11,14751.4404296875,NEUTRAL,空倉,0,1,1023691.148165841
2023-01-12,14731.6396484375,NEUTRAL,空倉,0,1,1022317.0528977206
2023-01-13,14824.1298828125,NEUTRAL,空倉,0,1,1028735.506381824
2023-01-16,14927.009765625,NEUTRAL,空倉,0,1,1035874.9600413828
2023-01-17,14932.9296875,NEUTRAL,空倉,0,1,1036285.77901531
2023-01-30,15493.8203125,BULL,SMA趨勢,0,1,1075209.3519801684
2023-01-31,15265.2001953125,BULL,SMA趨勢,1,1,1059344.0274125095
2023-02-01,15420.1298828125,BULL,SMA趨勢,0,1,1070095.52998189
2023-02-02,15595.16015625,BULL,SMA趨勢,0,1,1082241.9330693078
2023-02-03,15602.66015625,BULL,SMA趨勢,0,1,1082762.403164946
2023-02-06,15392.8203125,BULL,SMA趨勢,0,1,1068200.354692238
2023-02-07,15400.91015625,BULL,SMA趨勢,0,1,1068761.7575922727
2023-02-08,15618.169921875,BULL,SMA趨勢,0,1,1083838.7190580359
2023-02-09,15598.7099609375,BULL,SMA趨勢,0,1,1082488.2753606676
2023-02-10,15586.650390625,BULL,SMA趨勢,0,1,1081651.3892654805
2023-02-13,15544.2802734375,BULL,SMA趨勢,0,1,1078711.072072842
2023-02-14,15654.48046875,BULL,SMA趨勢,0,1,1086358.5262319976
2023-02-15,15432.8896484375,BULL,SMA趨勢,0,1,1070981.0068399124
2023-02-16,15550.5,BULL,SMA趨勢,0,1,1079142.6962966858
2023-02-17,15479.7001953125,BULL,SMA趨勢,0,1,1074229.472147768
2023-02-20,15551.23046875,BULL,SMA趨勢,0,1,1079193.3879153756
2023-02-21,15563.0,BULL,SMA趨勢,0,1,1080010.1464560833
2023-02-22,15418.76953125,BULL,SMA趨勢,0,1,1070001.127007512
2023-02-23,15615.41015625,BULL,SMA趨勢,0,1,1083647.2023275315
2023-02-24,15503.7900390625,BULL,SMA趨勢,0,1,1075901.2112518316
2023-03-01,15598.490234375,NEUTRAL,空倉,0,1,1082473.0272133348
2023-03-02,15598.7197265625,BULL,SMA趨勢,0,1,1082488.9530561047
2023-03-03,15608.419921875,NEUTRAL,空倉,0,1,1083162.107933706
2023-03-06,15763.509765625,NEUTRAL,空倉,0,1,1093924.7247082538
2023-03-07,15857.8896484375,NEUTRAL,空倉,0,1,1100474.3122594224
2023-03-08,15818.2001953125,BULL,SMA趨勢,0,1,1097720.0224642484
2023-03-09,15770.66015625,BULL,SMA趨勢,0,1,1094420.9333072465
2023-03-10,15526.2001953125,NEUTRAL,空倉,0,1,1077456.3867407262
2023-03-13,15560.490234375,NEUTRAL,空倉,0,1,1079835.9787287668
2023-03-14,15360.419921875,NEUTRAL,空倉,0,1,1065951.8967712624
2023-03-15,15387.58984375,NEUTRAL,空倉,0,1,1067837.381016165
2023-03-16,15221.1201171875,NEUTRAL,空倉,0,1,1056285.045748847
2023-03-17,15452.9599609375,NEUTRAL,空倉,0,1,1072373.8065020947
2023-03-20,15419.9697265625,NEUTRAL,空倉,0,1,1070084.4157767226
2023-03-21,15513.4501953125,NEUTRAL,空倉,0,1,1076571.5875781407
2023-03-22,15760.4599609375,NEUTRAL,空倉,0,1,1093713.0804232694
2023-03-23,15863.9501953125,NEUTRAL,空倉,0,1,1100894.8900476426
2023-03-24,15914.7001953125,NEUTRAL,空倉,0,1,1104416.737694796
2023-03-27,15830.3095703125,NEUTRAL,空倉,0,1,1098560.3648061645
2023-03-28,15701.48046875,NEUTRAL,空倉,0,1,1089620.1388313319
2023-03-29,15769.759765625,NEUTRAL,空倉,0,1,1094358.4497879525
2023-03-30,15849.4296875,NEUTRAL,空倉,0,1,1099887.224702324
2023-03-31,15868.0595703125,NEUTRAL,空倉,0,1,1101180.0642875445
2023-04-06,15810.76953125,NEUTRAL,空倉,0,1,1097204.3640062127
2023-04-07,15836.5,NEUTRAL,空倉,0,1,1098989.9559436974
2023-04-10,15876.169921875,NEUTRAL,空倉,0,1,1101742.8903479974
2023-04-11,15913.8798828125,NEUTRAL,空倉,0,1,1104359.8112780855
2023-04-12,15932.9697265625,BULL,SMA趨勢,0,1,1105684.5703183901
2023-04-13,15804.759765625,BULL,SMA趨勢,0,1,1096787.3102342652
2023-04-14,15929.4296875,BULL,SMA趨勢,0,1,1105438.905722467
2023-04-17,15963.5498046875,BULL,SMA趨勢,0,1,1107806.7058099033
2023-04-18,15869.4404296875,BULL,SMA趨勢,0,1,1101275.8904223405
2023-04-19,15770.4697265625,BULL,SMA趨勢,0,1,1094407.7182462246
2023-04-20,15707.51953125,BULL,SMA趨勢,0,1,1090039.2256895907
2023-04-21,15602.990234375,NEUTRAL,空倉,0,1,1082785.309270718
2023-04-24,15626.8701171875,BEAR,均值回歸,0,1,1084442.4779228852
2023-04-25,15370.73046875,BEAR,均值回歸,1,1,1066667.4076136777
2023-04-26,15374.6298828125,BEAR,均值回歸,1,1,1066938.0114016836
2023-04-27,15411.490234375,BEAR,均值回歸,0,1,1069495.9728287503
2023-04-28,15579.1796875,NEUTRAL,空倉,0,1,1081132.9522561533
2023-05-02,15636.48046875,NEUTRAL,空倉,0,1,1085109.3980024655
2023-05-03,15553.41015625,NEUTRAL,空倉,0,1,1079344.6495369205
2023-05-04,15609.0302734375,NEUTRAL,空倉,0,1,1083204.4638985202
2023-05-05,15626.0703125,NEUTRAL,空倉,0,1,1084386.9746665924
2023-05-08,15699.5703125,NEUTRAL,空倉,0,1,1089487.5816038488
2023-05-09,15727.7001953125,NEUTRAL,空倉,0,1,1091439.6833102116
2023-05-10,15641.759765625,NEUTRAL,空倉,0,1,1085475.7601557237
2023-05-11,15514.6396484375,NEUTRAL,空倉,0,1,1076654.130882371
2023-05-12,15502.3603515625,NEUTRAL,空倉,0,1,1075801.9966398505
2023-05-15,15475.0498046875,BEAR,均值回歸,0,1,1073906.7535806545
2023-05-16,15673.900390625,BEAR,均值回歸,0,1,1087706.1913780742
2023-05-17,15925.2900390625,NEUTRAL,空倉,0,1,1105151.6306267104
2023-05-18,16101.8798828125,NEUTRAL,空倉,0,1,1117406.2616754216
2023-05-19,16174.919921875,BULL,SMA趨勢,0,1,1122474.949157594
2023-05-22,16180.8896484375,BULL,SMA趨勢,0,1,1122889.22437825
2023-05-23,16188.0302734375,BULL,SMA趨勢,0,1,1123384.7552818058
2023-05-24,16159.3203125,BULL,SMA趨勢,1,1,1121392.3984664837
2023-05-25,16292.0,BULL,SMA趨勢,0,1,1130599.839752137
2023-05-26,16505.05078125,BULL,SMA趨勢,0,1,1145384.7144845403
2023-05-29,16636.30078125,BULL,SMA趨勢,0,1,1154492.9411582127
2023-05-30,16622.740234375,BULL,SMA趨勢,0,1,1153551.893274354
2023-05-31,16578.9609375,BULL,SMA趨勢,0,1,1150513.7846301522
2023-06-01,16512.650390625,BULL,SMA趨勢,0,1,1145912.0970736365
2023-06-02,16706.91015625,BULL,SMA趨勢,0,1,1159392.9502461085
2023-06-05,16714.4296875,BULL,SMA趨勢,0,1,1159914.7757326209
2023-06-06,16761.66015625,BULL,SMA趨勢,0,1,1163192.381944269
2023-06-07,16922.48046875,BULL,SMA趨勢,0,1,1174352.6704012654
2023-06-08,16733.689453125,BULL,SMA趨勢,0,1,1161251.32667353
2023-06-09,16886.400390625,BULL,SMA趨勢,0,1,1171848.8568396175
2023-06-12,16955.369140625,BULL,SMA趨勢,0,1,1176635.0130940923
2023-06-13,17216.599609375,BULL,SMA趨勢,0,1,1194763.366034623
2023-06-14,17238.140625,BULL,SMA趨勢,0,1,1196258.226629622
2023-06-15,17334.98046875,BULL,SMA趨勢,0,1,1202978.5256613784
2023-06-16,17288.91015625,BULL,SMA趨勢,0,1,1199781.4296676493
2023-06-19,17274.560546875,BULL,SMA趨勢,0,1,1198785.6239924785
2023-06-20,17184.91015625,BULL,SMA趨勢,0,1,1192564.2443414635
2023-06-21,17202.400390625,BULL,SMA趨勢,0,1,1193777.9968691827
2023-06-26,17059.240234375,BULL,SMA趨勢,0,1,1183843.2528405096
2023-06-27,16887.900390625,BULL,SMA趨勢,0,1,1171952.9508587453
2023-06-28,16935.630859375,NEUTRAL,空倉,0,1,1175265.255076769
2023-06-29,16942.30078125,NEUTRAL,空倉,0,1,1175728.1210602599
2023-06-30,16915.5390625,BULL,SMA趨勢,0,1,1173870.9644846253
2023-07-03,17084.19921875,BULL,SMA趨勢,0,1,1185575.3068384689
2023-07-04,17140.76953125,BULL,SMA趨勢,0,1,1189501.0609660915
2023-07-05,17056.4296875,BULL,SMA趨勢,0,1,1183648.2120937326
2023-07-06,16762.169921875,NEUTRAL,空倉,0,1,1163227.757646082
2023-07-07,16664.2109375,NEUTRAL,空倉,0,1,1156429.7947172422
2023-07-10,16652.80078125,NEUTRAL,空倉,0,1,1155637.9753686173
2023-07-11,16898.91015625,NEUTRAL,空倉,0,1,1172716.9846944518
2023-07-12,16962.029296875,NEUTRAL,空倉,0,1,1177097.2013821464
2023-07-13,17061.400390625,NEUTRAL,空倉,0,1,1183993.1590711805
2023-07-14,17283.7109375,NEUTRAL,空倉,0,1,1199420.624616975
2023-07-17,17334.2890625,NEUTRAL,空倉,0,1,1202930.5448244365
2023-07-18,17227.91015625,NEUTRAL,空倉,0,1,1195548.2728897904
2023-07-19,17116.439453125,NEUTRAL,空倉,0,1,1187812.650554277
2023-07-20,17164.890625,NEUTRAL,空倉,0,1,1191174.9686955535
2023-07-21,17030.69921875,NEUTRAL,空倉,0,1,1181862.620156248
2023-07-24,17033.609375,NEUTRAL,空倉,0,1,1182064.5733964827
2023-07-25,17198.890625,NEUTRAL,空倉,0,1,1193534.4331291143
2023-07-26,17162.55078125,NEUTRAL,空倉,0,1,1191012.5928688413
2023-07-27,17241.8203125,NEUTRAL,空倉,0,1,1196513.5822702947
2023-07-28,17292.9296875,NEUTRAL,空倉,0,1,1200060.3691095307
2023-07-31,17145.4296875,NEUTRAL,空倉,0,1,1189824.4572286417
2023-08-01,17212.869140625,NEUTRAL,空倉,0,1,1194504.4863776779
2023-08-02,16893.73046875,NEUTRAL,空倉,0,1,1172357.5350346516
2023-08-04,16843.6796875,NEUTRAL,空倉,0,1,1168884.2103807896
2023-08-07,16996.0,BEAR,均值回歸,0,1,1179454.632729396
2023-08-08,16877.0703125,BULL,SMA趨勢,0,1,1171201.3866190799
2023-08-09,16870.939453125,BEAR,均值回歸,0,1,1170775.929423713
2023-08-10,16634.69921875,BEAR,均值回歸,0,1,1154381.79910654
2023-08-11,16601.25,BEAR,均值回歸,0,1,1152060.5566956275
2023-08-14,16393.66015625,BEAR,均值回歸,0,1,1137654.6492516107
2023-08-15,16454.80078125,BEAR,均值回歸,0,1,1141897.5648437631
2023-08-16,16446.779296875,BEAR,均值回歸,0,1,1141340.9058117874
2023-08-17,16516.66015625,BEAR,均值回歸,0,1,1146190.3588200808
2023-08-18,16381.3095703125,BEAR,均值回歸,0,1,1136797.5678324
2023-08-21,16381.490234375,BEAR,均值回歸,0,1,1136810.1051979852
2023-08-22,16437.609375,NEUTRAL,空倉,0,1,1140704.549796417
2023-08-23,16576.900390625,NEUTRAL,空倉,0,1,1150370.790892939
2023-08-24,16770.869140625,NEUTRAL,空倉,0,1,1163831.4487413873
2023-08-25,16481.580078125,NEUTRAL,空倉,0,1,1143755.9412711847
2023-08-28,16509.259765625,NEUTRAL,空倉,0,1,1145676.8012179
2023-08-29,16623.650390625,NEUTRAL,空倉,0,1,1153615.054489085
2023-08-30,16719.8203125,NEUTRAL,空倉,0,1,1160288.8636138611
2023-08-31,16634.509765625,NEUTRAL,空倉,0,1,1154368.6518150615
2023-09-01,16644.939453125,NEUTRAL,空倉,0,1,1155092.4305418087
2023-09-04,16789.689453125,NEUTRAL,空倉,0,1,1165137.5033876302
2023-09-05,16791.609375,NEUTRAL,空倉,0,1,1165270.73831055
2023-09-06,16738.16015625,NEUTRAL,空倉,0,1,1161561.5756446018
2023-09-07,16619.140625,NEUTRAL,空倉,0,1,1153302.094736265
2023-09-08,16576.01953125,NEUTRAL,空倉,0,1,1150309.6627645188
2023-09-11,16432.94921875,BEAR,均值回歸,0,1,1140381.1535338666
2023-09-12,16572.7109375,BEAR,均值回歸,0,1,1150080.0595504534
2023-09-13,16581.509765625,BEAR,均值回歸,0,1,1150690.6631392166
2023-09-14,16807.560546875,BEAR,均值回歸,0,1,1166377.6860373935
2023-09-15,16920.919921875,NEUTRAL,空倉,0,1,1174244.3746704282
2023-09-18,16698.240234375,NEUTRAL,空倉,0,1,1158791.292237114
2023-09-19,16636.3203125,NEUTRAL,空倉,0,1,1154494.2965490867
2023-09-20,16534.75,NEUTRAL,空倉,0,1,1147445.7218476336
2023-09-21,16316.669921875,BEAR,均值回歸,0,1,1132311.8339651602
2023-09-22,16344.48046875,BEAR,均值回歸,0,1,1134241.775030732
2023-09-25,16452.23046875,BEAR,均值回歸,0,1,1141719.195404737
2023-09-26,16276.0703125,BEAR,均值回歸,0,1,1129494.3829552548
2023-09-27,16310.3603515625,BEAR,均值回歸,0,1,1131873.9749432956
2023-09-28,16353.740234375,NEUTRAL,空倉,0,1,1134884.3658441228
2023-10-02,16557.310546875,NEUTRAL,空倉,0,1,1149011.3338462585
2023-10-03,16454.33984375,NEUTRAL,空倉,0,1,1141865.5776191354
2023-10-04,16273.3798828125,NEUTRAL,空倉,0,1,1129307.6778623534
2023-10-05,16453.51953125,NEUTRAL,空倉,0,1,1141808.651202425
2023-10-06,16520.5703125,NEUTRAL,空倉,0,1,1146461.7080730672
2023-10-11,16672.029296875,NEUTRAL,空倉,0,1,1156972.3576841278
2023-10-12,16825.91015625,NEUTRAL,空倉,0,1,1167651.075763571
2023-10-13,16782.5703125,NEUTRAL,空倉,0,1,1164643.463414036
2023-10-16,16652.240234375,NEUTRAL,空倉,0,1,1155599.0756505316
2023-10-17,16642.55078125,NEUTRAL,空倉,0,1,1154926.6662379114
2023-10-18,16440.91015625,NEUTRAL,空倉,0,1,1140933.6108541328
2023-10-19,16452.73046875,BEAR,均值回歸,0,1,1141753.893411113
2023-10-20,16440.720703125,BEAR,均值回歸,0,1,1140920.4635626543
2023-10-23,16251.3603515625,BEAR,均值回歸,0,1,1127779.61019094
2023-10-24,16309.759765625,BEAR,均值回歸,0,1,1131832.2966739184
2023-10-25,16358.8896484375,BEAR,均值回歸,0,1,1135241.7146480684
2023-10-26,16073.740234375,NEUTRAL,空倉,0,1,1115453.4822736222
2023-10-27,16134.6103515625,BEAR,均值回歸,0,1,1119677.6257021688
2023-10-30,16149.6796875,NEUTRAL,空倉,0,1,1120723.3775310486
2023-10-31,16001.26953125,NEUTRAL,空倉,0,1,1110424.3044354285
2023-11-01,16038.5595703125,NEUTRAL,空倉,0,1,1113012.0844617244
2023-11-02,16396.94921875,NEUTRAL,空倉,0,1,1137882.8970748023
2023-11-03,16507.650390625,NEUTRAL,空倉,0,1,1145565.1170098777
2023-11-06,16649.359375,NEUTRAL,空倉,0,1,1155399.155496608
2023-11-07,16684.94921875,NEUTRAL,空倉,0,1,1157868.9487473173
2023-11-08,16740.830078125,NEUTRAL,空倉,0,1,1161746.8575770857
2023-11-09,16745.650390625,NEUTRAL,空倉,0,1,1162081.3680448032
2023-11-10,16682.669921875,NEUTRAL,空倉,0,1,1157710.7746323145
2023-11-13,16839.2890625,NEUTRAL,空倉,0,1,1168579.5185123014
2023-11-14,16915.7109375,NEUTRAL,空倉,0,1,1173882.891924317
2023-11-15,17128.779296875,BULL,SMA趨勢,0,1,1188668.986508507
2023-11-16,17171.1796875,BULL,SMA趨勢,0,1,1191611.4045570004
2023-11-17,17208.94921875,BULL,SMA趨勢,1,1,1194232.4594292543
2023-11-20,17210.470703125,BULL,SMA趨勢,0,1,1194338.0443783435
2023-11-21,17416.69921875,BULL,SMA趨勢,0,1,1208649.4810784385
2023-11-22,17310.259765625,BULL,SMA趨勢,0,1,1201263.0074320824
2023-11-23,17294.55078125,BULL,SMA趨勢,0,1,1200172.8665520775
2023-11-24,17287.419921875,BULL,SMA趨勢,0,1,1199678.0133439586
2023-11-27,17137.419921875,BULL,SMA趨勢,0,1,1189268.6114311903
2023-11-28,17341.25,BULL,SMA趨勢,0,1,1203413.6061319509
2023-11-29,17370.560546875,BULL,SMA趨勢,0,1,1205447.6412166504
2023-11-30,17433.849609375,BULL,SMA趨勢,0,1,1209839.649804949
2023-12-01,17438.349609375,BULL,SMA趨勢,0,1,1210151.9318623322
2023-12-04,17421.48046875,BULL,SMA趨勢,0,1,1208981.2807644077
2023-12-05,17328.009765625,BULL,SMA趨勢,0,1,1202494.7866584267
2023-12-06,17360.720703125,BULL,SMA趨勢,0,1,1204764.7952942997
2023-12-07,17278.740234375,BULL,SMA趨勢,0,1,1199075.6776395272
2023-12-08,17383.990234375,BULL,SMA趨勢,0,1,1206379.607981653
2023-12-11,17418.33984375,BULL,SMA趨勢,0,1,1208763.3339118592
2023-12-12,17450.630859375,BULL,SMA趨勢,0,1,1211004.20164394
2023-12-13,17468.9296875,NEUTRAL,空倉,0,1,1212274.0673538453
2023-12-14,17653.109375,NEUTRAL,空倉,0,1,1225055.4032962157
2023-12-15,17673.869140625,BULL,SMA趨勢,0,1,1226496.0482562524
2023-12-18,17652.029296875,BULL,SMA趨勢,0,1,1224980.4501808803
2023-12-19,17576.55078125,NEUTRAL,空倉,0,1,1219742.5421480816
2023-12-20,17635.19921875,NEUTRAL,空倉,0,1,1223812.5098647042
2023-12-21,17543.740234375,NEUTRAL,空倉,0,1,1217465.621018751
2023-12-22,17596.630859375,NEUTRAL,空倉,0,1,1221136.019505701
2023-12-25,17604.83984375,BULL,SMA趨勢,0,1,1221705.6902900678
2023-12-26,17751.73046875,NEUTRAL,空倉,0,1,1231899.313975686
2023-12-27,17891.5,NEUTRAL,空倉,0,1,1241598.7621486227
2023-12-28,17910.369140625,NEUTRAL,空倉,0,1,1242908.2052720503
2023-12-29,17930.810546875,NEUTRAL,空倉,0,1,1244326.7573608398
2024-01-02,17853.759765625,NEUTRAL,空倉,0,1,1238979.7403626796
2024-01-03,17559.310546875,NEUTRAL,空倉,0,1,1218546.1386235503
2024-01-04,17549.650390625,NEUTRAL,空倉,0,1,1217875.7622972413
2024-01-05,17519.140625,NEUTRAL,空倉,0,1,1215758.5062128745
2024-01-08,17572.66015625,NEUTRAL,空倉,0,1,1219472.5482859693
2024-01-09,17535.490234375,NEUTRAL,空倉,0,1,1216893.1039135489
2024-01-10,17465.630859375,NEUTRAL,空倉,0,1,1212045.141835217
2024-01-11,17545.3203125,NEUTRAL,空倉,0,1,1217575.2721404624
2024-01-12,17512.830078125,NEUTRAL,空倉,0,1,1215320.5794214662
2024-01-15,17546.8203125,NEUTRAL,空倉,0,1,1217679.3661595902
2024-01-16,17346.869140625,NEUTRAL,空倉,0,1,1203803.5520864176
2024-01-17,17161.7890625,BEAR,均值回歸,1,1,1190959.732624753
2024-01-18,17227.7890625,BEAR,均值回歸,0,1,1195539.8694663711
2024-01-19,17681.51953125,BEAR,均值回歸,0,1,1227026.9548616211
2024-01-22,17815.099609375,NEUTRAL,空倉,0,1,1236296.8796665682
2024-01-23,17874.58984375,NEUTRAL,空倉,0,1,1240425.2647298628
2024-01-24,17875.830078125,NEUTRAL,空倉,0,1,1240511.3320503656
2024-01-25,18002.619140625,NEUTRAL,空倉,0,1,1249309.987448403
2024-01-26,17995.029296875,NEUTRAL,空倉,0,1,1248783.2825547438
2024-01-29,18119.630859375,NEUTRAL,空倉,0,1,1257430.1341748866
2024-01-30,18034.630859375,NEUTRAL,空倉,0,1,1251531.4730909846
2024-01-31,17889.560546875,BULL,SMA趨勢,0,1,1241464.1718348286
2024-02-01,17968.109375,NEUTRAL,空倉,0,1,1246915.147313029
2024-02-02,18059.9296875,BULL,SMA趨勢,0,1,1253287.1108901522
2024-02-05,18096.0703125,BULL,SMA趨勢,0,1,1255795.12616351
2024-02-15,18644.5703125,BULL,SMA趨勢,0,1,1293858.8391578658
2024-02-16,18607.25,BULL,SMA趨勢,0,1,1291268.9582757151
2024-02-19,18635.80078125,BULL,SMA趨勢,0,1,1293250.2686554138
2024-02-20,18753.16015625,BULL,SMA趨勢,0,1,1301394.5413394556
2024-02-21,18676.310546875,BULL,SMA趨勢,0,1,1296061.4848672983
2024-02-22,18852.779296875,BULL,SMA趨勢,0,1,1308307.7124925903
2024-02-23,18889.189453125,BULL,SMA趨勢,0,1,1310834.4321600099
2024-02-26,18948.05078125,BULL,SMA趨勢,0,1,1314919.1736371594
2024-02-27,18854.41015625,BULL,SMA趨勢,0,1,1308420.8876305742
2024-02-29,18966.76953125,BULL,SMA趨勢,0,1,1316218.180250857
2024-03-01,18935.9296875,BULL,SMA趨勢,0,1,1314078.018060719
2024-03-04,19305.310546875,BULL,SMA趨勢,0,1,1339711.5768881731
2024-03-05,19386.919921875,BULL,SMA趨勢,0,1,1345374.9421163385
2024-03-06,19499.44921875,BULL,SMA趨勢,0,1,1353184.0266372256
2024-03-07,19693.51953125,BULL,SMA趨勢,0,1,1366651.7325182192
2024-03-08,19785.3203125,BULL,SMA趨勢,0,1,1373022.3407044683
2024-03-11,19726.080078125,BULL,SMA趨勢,0,1,1368911.3046443618
2024-03-12,19914.55078125,BULL,SMA趨勢,0,1,1381990.419961763
2024-03-13,19928.509765625,BULL,SMA趨勢,0,1,1382959.1178194524
2024-03-14,19937.919921875,BULL,SMA趨勢,0,1,1383612.1451425739
2024-03-15,19682.5,BULL,SMA趨勢,0,1,1365887.0209870755
2024-03-18,19879.849609375,BULL,SMA趨勢,0,1,1379582.2969958235
2024-03-19,19857.19921875,BULL,SMA趨勢,0,1,1378010.4501991782
2024-03-20,19784.44921875,BULL,SMA趨勢,0,1,1372961.8902714856
2024-03-21,20199.08984375,BULL,SMA趨勢,0,1,1401736.296371395
2024-03-22,20228.4296875,BULL,SMA趨勢,0,1,1403772.3645424054
2024-03-25,20192.25,BULL,SMA趨勢,0,1,1401261.6384872997
2024-03-26,20126.490234375,BULL,SMA趨勢,0,1,1396698.1729534327
2024-03-27,20200.119140625,BULL,SMA趨勢,0,1,1401807.7254704577
2024-03-28,20146.55078125,BULL,SMA趨勢,0,1,1398090.294920178
2024-03-29,20294.44921875,BULL,SMA趨勢,0,1,1408353.8567748975
2024-04-01,20222.330078125,BULL,SMA趨勢,0,1,1403349.075972437
2024-04-02,20466.5703125,BULL,SMA趨勢,0,1,1420298.3743916242
2024-04-03,20337.599609375,BULL,SMA趨勢,0,1,1411348.3218329549
2024-04-08,20417.69921875,BULL,SMA趨勢,0,1,1416906.9153465554
2024-04-09,20796.19921875,BULL,SMA趨勢,0,1,1443173.3061731074
2024-04-10,20763.529296875,BULL,SMA趨勢,0,1,1440906.14385807
2024-04-11,20753.220703125,BULL,SMA趨勢,0,1,1440190.768554742
2024-04-12,20736.5703125,BULL,SMA趨勢,0,1,1439035.2978346073
2024-04-15,20449.76953125,BULL,SMA趨勢,0,1,1419132.4671617593
2024-04-16,19901.9609375,BULL,SMA趨勢,0,1,1381116.735004345
2024-04-17,20213.330078125,NEUTRAL,空倉,0,1,1402724.511857671
2024-04-18,20301.19921875,NEUTRAL,空倉,0,1,1408822.2798609722
2024-04-19,19527.119140625,BULL,SMA趨勢,0,1,1355104.2088885042
2024-04-22,19411.220703125,BEAR,均值回歸,0,1,1347061.319441842
2024-04-23,19599.279296875,BEAR,均值回歸,0,1,1360111.8360118002
2024-04-24,20131.740234375,NEUTRAL,空倉,0,1,1397062.5020203795
2024-04-25,19857.419921875,NEUTRAL,空倉,0,1,1378025.766116055
2024-04-26,20120.509765625,NEUTRAL,空倉,0,1,1396283.152267796
2024-04-29,20495.51953125,NEUTRAL,空倉,0,1,1422307.3347451536
2024-04-30,20396.599609375,NEUTRAL,空倉,0,1,1415442.6865853101
2024-05-02,20222.439453125,NEUTRAL,空倉,0,1,1403356.6661613318
2024-05-03,20330.3203125,NEUTRAL,空倉,0,1,1410843.167654193
2024-05-06,20523.310546875,NEUTRAL,空倉,0,1,1424235.9204198513
2024-05-07,20653.529296875,NEUTRAL,空倉,0,1,1433272.5824553734
2024-05-08,20700.509765625,NEUTRAL,空倉,0,1,1436532.8396638334
2024-05-09,20560.76953125,NEUTRAL,空倉,0,1,1426835.424577208
2024-05-10,20708.83984375,NEUTRAL,空倉,0,1,1437110.9138716192
2024-05-13,20857.7109375,NEUTRAL,空倉,0,1,1447441.9741918668
2024-05-14,20985.849609375,NEUTRAL,空倉,0,1,1456334.2870993016
2024-05-15,21147.2109375,BULL,SMA趨勢,0,1,1467532.1198835096
2024-05-16,21304.259765625,BULL,SMA趨勢,0,1,1478430.6823627255
2024-05-17,21258.470703125,BULL,SMA趨勢,0,1,1475253.103997583
2024-05-20,21271.630859375,BULL,SMA趨勢,0,1,1476166.3663685236
2024-05-21,21236.75,BULL,SMA趨勢,0,1,1473745.7738065426
2024-05-22,21551.830078125,BULL,SMA趨勢,0,1,1495611.0749259398
2024-05-23,21607.4296875,BULL,SMA趨勢,0,1,1499469.4661271218
2024-05-24,21565.33984375,BULL,SMA趨勢,0,1,1496548.598793526
2024-05-27,21803.76953125,BULL,SMA趨勢,0,1,1513094.6684276809
2024-05-28,21858.41015625,BULL,SMA趨勢,0,1,1516886.5099369464
2024-05-29,21662.5,BULL,SMA趨勢,0,1,1503291.1262356166
2024-05-30,21364.48046875,BULL,SMA趨勢,0,1,1482609.7590447096
2024-05-31,21174.220703125,BULL,SMA趨勢,0,1,1469406.4899232448
2024-06-03,21536.759765625,BULL,SMA趨勢,0,1,1494565.2553275165
2024-06-04,21356.619140625,BULL,SMA趨勢,0,1,1482064.2142179012
2024-06-05,21484.880859375,BULL,SMA趨勢,0,1,1490965.0660878425
2024-06-06,21902.69921875,BULL,SMA趨勢,0,1,1519959.9942829614
2024-06-07,21858.380859375,BULL,SMA趨勢,0,1,1516884.4768506356
2024-06-11,21792.119140625,BULL,SMA趨勢,0,1,1512286.177771305
2024-06-12,22048.9609375,BULL,SMA趨勢,0,1,1530109.9743824347
2024-06-13,22312.0390625,BULL,SMA趨勢,0,1,1548366.5472996514
2024-06-14,22504.720703125,BULL,SMA趨勢,0,1,1561737.8848894993
2024-06-17,22496.529296875,BULL,SMA趨勢,0,1,1561169.4339569192
2024-06-18,22757.4296875,BULL,SMA趨勢,0,1,1579274.8807916786
2024-06-19,23209.5390625,BULL,SMA趨勢,0,1,1610649.4687443816
2024-06-20,23406.099609375,BULL,SMA趨勢,0,1,1624289.9869618174
2024-06-21,23253.390625,BULL,SMA趨勢,0,1,1613692.5923348174
2024-06-24,22813.69921875,BULL,SMA趨勢,0,1,1583179.7618998406
2024-06-25,22875.970703125,BULL,SMA趨勢,0,1,1587501.154623601
2024-06-26,22986.689453125,BULL,SMA趨勢,0,1,1595184.5944104628
2024-06-27,22905.98046875,BULL,SMA趨勢,0,1,1589583.7127015914
2024-06-28,23032.25,BULL,SMA趨勢,0,1,1598346.3147023788
2024-07-01,23058.5703125,BULL,SMA趨勢,0,1,1600172.83944426
2024-07-02,22879.369140625,BULL,SMA趨勢,0,1,1587736.992635687
2024-07-03,23172.4296875,BULL,SMA趨勢,0,1,1608074.2260836707
2024-07-04,23522.529296875,BULL,SMA趨勢,0,1,1632369.743040254
2024-07-05,23556.58984375,BULL,SMA趨勢,0,1,1634733.4091855246
2024-07-08,23878.150390625,BULL,SMA趨勢,0,1,1657048.428996934
2024-07-09,23900.080078125,BULL,SMA趨勢,0,1,1658570.261870327
2024-07-10,24007.080078125,BULL,SMA趨勢,0,1,1665995.6352347683
2024-07-11,24390.029296875,BULL,SMA趨勢,0,1,1692570.7841024306
2024-07-12,23916.9296875,BULL,SMA趨勢,0,1,1659739.557577377
2024-07-15,23879.359375,BULL,SMA趨勢,0,1,1657132.3276920381
2024-07-16,23997.25,BULL,SMA趨勢,0,1,1665313.4670078547
2024-07-17,23769.8203125,BULL,SMA趨勢,0,1,1649530.7535139695
2024-07-18,23398.470703125,NEUTRAL,空倉,0,1,1623760.5712864103
2024-07-19,22869.259765625,NEUTRAL,空倉,0,1,1587035.4423192742
2024-07-22,22256.990234375,NEUTRAL,空倉,0,1,1544546.378121118
2024-07-23,22871.83984375,BEAR,均值回歸,0,1,1587214.4894537374
2024-07-26,22119.2109375,NEUTRAL,空倉,0,1,1534985.044278248
2024-07-29,22164.490234375,BEAR,均值回歸,0,1,1538127.2469415774
2024-07-30,22223.5703125,BEAR,均值回歸,0,1,1542227.1687965165
2024-07-31,22199.349609375,NEUTRAL,空倉,0,1,1540546.348573597
2024-08-01,22642.099609375,NEUTRAL,空倉,0,1,1571271.4332194512
2024-08-02,21638.08984375,NEUTRAL,空倉,0,1,1501597.1587212186
2024-08-05,19830.880859375,NEUTRAL,空倉,0,1,1376184.0609963844
2024-08-06,20501.01953125,BEAR,均值回歸,0,1,1422689.0128152885
2024-08-07,21295.279296875,BEAR,均值回歸,0,1,1477807.4736388333
2024-08-08,20870.099609375,NEUTRAL,空倉,0,1,1448301.6986232821
2024-08-09,21469.0,BEAR,均值回歸,0,1,1489862.9977681458
2024-08-12,21773.259765625,NEUTRAL,空倉,0,1,1510977.4123433142
2024-08-13,21796.5703125,NEUTRAL,空倉,0,1,1512595.071351503
2024-08-14,22027.25,NEUTRAL,空倉,0,1,1528603.3218868314
2024-08-15,21895.169921875,NEUTRAL,空倉,0,1,1519437.4911010119
2024-08-16,22349.330078125,NEUTRAL,空倉,0,1,1550954.3950954909
2024-08-19,22409.630859375,NEUTRAL,空倉,0,1,1555139.0288800588
2024-08-20,22429.099609375,NEUTRAL,空倉,0,1,1556490.0825033204
2024-08-21,22237.890625,NEUTRAL,空倉,0,1,1543220.941385376
2024-08-22,22148.830078125,NEUTRAL,空倉,0,1,1537040.4945387575
2024-08-23,22158.05078125,NEUTRAL,空倉,0,1,1537680.3745704005
2024-08-26,22240.119140625,NEUTRAL,空倉,0,1,1543375.5914841064
2024-08-27,22185.0,NEUTRAL,空倉,0,1,1539550.542898426
2024-08-28,22370.66015625,BEAR,均值回歸,-1,0,1000000.0
2024-08-29,22201.849609375,NEUTRAL,空倉,0,0,1000000.0
2024-08-30,22268.08984375,NEUTRAL,空倉,0,0,1000000.0
2024-09-02,22235.099609375,NEUTRAL,空倉,0,0,1000000.0
2024-09-03,22092.2109375,BEAR,均值回歸,0,0,1000000.0
2024-09-04,21092.75,BEAR,均值回歸,0,0,1000000.0
2024-09-05,21187.7109375,BEAR,均值回歸,1,1,1000000.0
2024-09-06,21435.189453125,BEAR,均值回歸,0,1,1011680.2856313747
2024-09-09,21144.439453125,BEAR,均值回歸,0,1,997957.7083856466
2024-09-10,21064.080078125,BEAR,均值回歸,0,1,994164.9732838206
2024-09-11,21031.0,BEAR,均值回歸,0,1,992603.687205179
2024-09-12,21653.25,BEAR,均值回歸,0,1,1021972.1263836976
2024-09-13,21759.650390625,BEAR,均值回歸,0,1,1026993.9237330601
2024-09-16,21850.080078125,BEAR,均值回歸,0,1,1031261.9490882651
2024-09-18,21678.83984375,NEUTRAL,空倉,0,1,1023179.8945954447
2024-09-19,22042.689453125,NEUTRAL,空倉,0,1,1040352.5665489319
2024-09-20,22159.419921875,NEUTRAL,空倉,0,1,1045861.9143540974
2024-09-23,22285.529296875,NEUTRAL,空倉,0,1,1051813.9199941594
2024-09-24,22431.779296875,NEUTRAL,空倉,0,1,1058716.5061409788
2024-09-25,22761.599609375,NEUTRAL,空倉,0,1,1074283.0915768906
2024-09-26,22858.810546875,NEUTRAL,空倉,0,1,1078871.1727427493
2024-09-27,22822.7890625,BULL,SMA趨勢,0,1,1077171.060612597
2024-09-30,22224.5390625,BULL,SMA趨勢,0,1,1048935.3535197105
2024-10-01,22390.390625,NEUTRAL,空倉,0,1,1056763.0779487079
2024-10-04,22302.7109375,NEUTRAL,空倉,0,1,1052624.8448116481
2024-10-07,22702.560546875,BULL,SMA趨勢,1,1,1071496.6148935833
2024-10-08,22611.390625,BULL,SMA趨勢,0,1,1067193.652570568
2024-10-09,22659.080078125,BULL,SMA趨勢,0,1,1069444.4598081065
2024-10-11,22901.640625,BULL,SMA趨勢,0,1,1080892.6312311788
2024-10-14,22975.2890625,BULL,SMA趨勢,0,1,1084368.629073383
2024-10-15,23292.0390625,BULL,SMA趨勢,0,1,1099318.3327452124
2024-10-16,23010.98046875,BULL,SMA趨勢,0,1,1086053.1624500789
2024-10-17,23053.83984375,BULL,SMA趨勢,0,1,1088076.003668105
2024-10-18,23487.26953125,BULL,SMA趨勢,0,1,1108532.6584137988
2024-10-21,23542.529296875,BULL,SMA趨勢,0,1,1111140.7629791296
2024-10-22,23535.4296875,BULL,SMA趨勢,0,1,1110805.6815068582
2024-10-23,23334.759765625,BULL,SMA趨勢,0,1,1101334.6290431474
2024-10-24,23192.51953125,BULL,SMA趨勢,0,1,1094621.2924871324
2024-10-25,23348.44921875,BULL,SMA趨勢,0,1,1101980.7324927077
2024-10-28,23198.0703125,BULL,SMA趨勢,0,1,1094883.273654724
2024-10-29,22926.58984375,NEUTRAL,空倉,0,1,1082070.1637557445
2024-10-30,22820.4296875,NEUTRAL,空倉,0,1,1077059.7047890746
2024-11-01,22780.080078125,BULL,SMA趨勢,0,1,1075155.3174065007
2024-11-04,22965.390625,NEUTRAL,空倉,0,1,1083901.4508336384
2024-11-05,23106.7890625,BULL,SMA趨勢,0,1,1090575.0569592412
2024-11-06,23217.380859375,NEUTRAL,空倉,0,1,1095794.6768229078
2024-11-07,23408.8203125,BULL,SMA趨勢,0,1,1104830.077281679
2024-11-08,23553.890625,BULL,SMA趨勢,0,1,1111676.9855167372
2024-11-11,23529.640625,BULL,SMA趨勢,0,1,1110532.4541385467
2024-11-12,22981.76953125,BULL,SMA趨勢,0,1,1084674.4888601773
2024-11-13,22860.23046875,NEUTRAL,空倉,0,1,1078938.1890372036
2024-11-14,22715.380859375,NEUTRAL,空倉,0,1,1072101.6973651075
2024-11-15,22742.76953125,NEUTRAL,空倉,0,1,1073394.365174093
2024-11-18,22546.5390625,NEUTRAL,空倉,0,1,1064132.8423352719
2024-11-19,22848.80078125,BEAR,均值回歸,0,1,1078398.740130537
2024-11-20,22688.359375,NEUTRAL,空倉,0,1,1070826.3597670672
2024-11-21,22555.66015625,NEUTRAL,空倉,0,1,1064563.3321497168
2024-11-22,22904.3203125,BEAR,均值回歸,0,1,1081019.104898292
2024-11-25,22948.369140625,NEUTRAL,空倉,0,1,1083098.084937945
2024-11-26,22678.759765625,NEUTRAL,空倉,0,1,1070373.2853692092
2024-11-27,22334.779296875,BEAR,均值回歸,0,1,1054138.3806282165
2024-11-28,22298.900390625,BEAR,均值回歸,0,1,1052444.9977821019
2024-11-29,22262.5,BEAR,均值回歸,0,1,1050727.0023491655
2024-12-02,22736.9296875,BEAR,均值回歸,0,1,1073118.7410744803
2024-12-03,23027.4609375,BEAR,均值回歸,0,1,1086830.9939392195
2024-12-04,23255.330078125,NEUTRAL,空倉,0,1,1097585.772560524
2024-12-05,23267.939453125,NEUTRAL,空倉,0,1,1098180.8993789516
2024-12-06,23193.26953125,NEUTRAL,空倉,0,1,1094656.6903648083
2024-12-09,23273.25,NEUTRAL,空倉,0,1,1098431.5421638503
2024-12-10,23125.080078125,NEUTRAL,空倉,0,1,1091438.341137459
2024-12-11,22903.630859375,NEUTRAL,空倉,0,1,1080986.5646617825
2024-12-12,23046.80078125,BEAR,均值回歸,0,1,1087743.7798370002
2024-12-13,23020.48046875,NEUTRAL,空倉,0,1,1086501.5355673083
2024-12-16,23039.900390625,BULL,SMA趨勢,0,1,1087418.1009259864
2024-12-17,23018.009765625,NEUTRAL,空倉,0,1,1086384.9253713184
2024-12-18,23168.669921875,NEUTRAL,空倉,0,1,1093495.6584134304
2024-12-19,22932.25,BULL,SMA趨勢,0,1,1082337.3071138302
2024-12-20,22510.25,BEAR,均值回歸,0,1,1062420.1012748028
2024-12-23,23104.5390625,BEAR,均值回歸,0,1,1090468.863326213
2024-12-24,23120.240234375,NEUTRAL,空倉,0,1,1091209.9142080813
2024-12-25,23220.130859375,BULL,SMA趨勢,0,1,1095924.469041053
2024-12-26,23246.939453125,BULL,SMA趨勢,1,1,1097189.7588040237
2024-12-27,23275.6796875,BULL,SMA趨勢,0,1,1098546.2165384048
2024-12-30,23190.19921875,BULL,SMA趨勢,0,1,1094511.7803030722
2024-12-31,23035.099609375,NEUTRAL,空倉,0,1,1087191.5176360707
2025-01-02,22832.060546875,NEUTRAL,空倉,0,1,1077608.648438972
2025-01-03,22908.30078125,BEAR,均值回歸,0,1,1081206.9717594995
2025-01-06,23547.7109375,BEAR,均值回歸,-1,0,1000000.0
2025-01-07,23651.26953125,NEUTRAL,空倉,0,0,1000000.0
2025-01-08,23407.330078125,BULL,SMA趨勢,0,0,1000000.0
2025-01-09,23081.130859375,BULL,SMA趨勢,0,0,1000000.0
2025-01-10,23011.859375,NEUTRAL,空倉,0,0,1000000.0
2025-01-13,22488.330078125,NEUTRAL,空倉,0,0,1000000.0
2025-01-14,22797.51953125,BEAR,均值回歸,0,0,1000000.0
2025-01-15,22514.5703125,BEAR,均值回歸,0,0,1000000.0
2025-01-16,23025.099609375,BEAR,均值回歸,0,0,1000000.0
2025-01-17,23148.080078125,NEUTRAL,空倉,0,0,1000000.0
2025-01-20,23266.8203125,BULL,SMA趨勢,0,0,1000000.0
2025-01-21,23300.009765625,NEUTRAL,空倉,0,0,1000000.0
2025-01-22,23525.41015625,NEUTRAL,空倉,0,0,1000000.0
2025-02-03,22694.7109375,NEUTRAL,空倉,0,0,1000000.0
2025-02-04,22793.9609375,NEUTRAL,空倉,0,0,1000000.0
2025-02-05,23161.580078125,NEUTRAL,空倉,0,0,1000000.0
2025-02-06,23316.599609375,NEUTRAL,空倉,0,0,1000000.0
2025-02-07,23478.26953125,NEUTRAL,空倉,0,0,1000000.0
2025-02-10,23252.140625,BULL,SMA趨勢,0,0,1000000.0
2025-02-11,23384.05078125,NEUTRAL,空倉,0,0,1000000.0
2025-02-12,23289.75,NEUTRAL,空倉,0,0,1000000.0
2025-02-13,23399.41015625,NEUTRAL,空倉,0,0,1000000.0
2025-02-14,23152.609375,NEUTRAL,空倉,0,0,1000000.0
2025-02-17,23505.330078125,NEUTRAL,空倉,0,0,1000000.0
2025-02-18,23666.109375,BULL,SMA趨勢,0,0,1000000.0
2025-02-19,23604.080078125,BULL,SMA趨勢,0,0,1000000.0
2025-02-20,23487.4609375,BULL,SMA趨勢,0,0,1000000.0
2025-02-21,23730.25,BULL,SMA趨勢,0,0,1000000.0
2025-02-24,23565.310546875,BULL,SMA趨勢,0,0,1000000.0
2025-02-25,23285.720703125,NEUTRAL,空倉,0,0,1000000.0
2025-02-26,23402.55078125,NEUTRAL,空倉,0,0,1000000.0
2025-02-27,23053.1796875,NEUTRAL,空倉,0,0,1000000.0
2025-03-03,22756.25,BEAR,均值回歸,0,0,1000000.0
2025-03-04,22596.880859375,BEAR,均值回歸,0,0,1000000.0
2025-03-05,22871.900390625,BEAR,均值回歸,0,0,1000000.0
2025-03-06,22715.4296875,BEAR,均值回歸,0,0,1000000.0
2025-03-07,22576.0703125,BEAR,均值回歸,0,0,1000000.0
2025-03-10,22459.150390625,BEAR,均值回歸,0,0,1000000.0
2025-03-11,22071.08984375,BEAR,均值回歸,1,1,1000000.0
2025-03-12,22278.359375,BEAR,均值回歸,0,1,1009390.9966710908
2025-03-13,21961.6796875,BEAR,均值回歸,0,1,995042.8294649445
2025-03-14,21968.05078125,BEAR,均值回歸,0,1,995331.4918642688
2025-03-17,22118.630859375,BEAR,均值回歸,0,1,1002153.9949300901
2025-03-18,22271.669921875,NEUTRAL,空倉,0,1,1009087.9100010459
2025-03-19,21960.830078125,NEUTRAL,空倉,0,1,995004.3352455373
2025-03-20,22377.259765625,NEUTRAL,空倉,0,1,1013871.9892874571
2025-03-21,22209.099609375,NEUTRAL,空倉,0,1,1006252.9656035124
2025-03-24,22106.640625,NEUTRAL,空倉,0,1,1001610.7397279282
2025-03-25,22273.189453125,BEAR,均值回歸,0,1,1009156.7571336868
2025-03-26,22260.2890625,BEAR,均值回歸,0,1,1008572.2644459072
2025-03-27,21951.759765625,BEAR,均值回歸,0,1,994593.3762686943
2025-03-28,21602.890625,BEAR,均值回歸,0,1,978786.7648555387
2025-03-31,20695.900390625,BEAR,均值回歸,0,1,937692.7255128537
2025-04-01,21280.169921875,BEAR,均值回歸,0,1,964164.890475539
2025-04-02,21298.220703125,BEAR,均值回歸,0,1,964982.7377761385
2025-04-07,19232.349609375,BEAR,均值回歸,1,1,871381.9637149062
2025-04-08,18459.94921875,BEAR,均值回歸,1,1,836385.9396810626
2025-04-09,17391.759765625,BEAR,均值回歸,1,1,787988.2637761963
2025-04-10,19000.029296875,BEAR,均值回歸,0,1,860855.9627722848
2025-04-11,19528.76953125,BEAR,均值回歸,0,1,884812.1986499944
2025-04-14,19513.08984375,BEAR,均值回歸,0,1,884101.7811939013
2025-04-15,19857.669921875,BEAR,均值回歸,0,1,899714.0631683946
2025-04-16,19468.0,NEUTRAL,空倉,0,1,882058.8442991123
2025-04-17,19338.73046875,NEUTRAL,空倉,0,1,876201.8824469722
2025-04-18,19395.029296875,BEAR,均值回歸,0,1,878752.6775605603
2025-04-21,19106.19921875,BEAR,均值回歸,0,1,865666.3243188426
2025-04-22,18793.4296875,BEAR,均值回歸,0,1,851495.3190144276
2025-04-23,19639.140625,BEAR,均值回歸,0,1,889812.9074745863
2025-04-24,19478.810546875,BEAR,均值回歸,0,1,882548.6500563963
2025-04-25,19872.73046875,BEAR,均值回歸,0,1,900396.4285151727
2025-04-28,20034.41015625,BEAR,均值回歸,0,1,907721.8342221221
2025-04-29,20232.630859375,NEUTRAL,空倉,0,1,916702.8453334122
2025-04-30,20235.029296875,NEUTRAL,空倉,0,1,916811.5140723361
2025-05-02,20787.640625,NEUTRAL,空倉,0,1,941849.304776699
2025-05-05,20532.990234375,NEUTRAL,空倉,0,1,930311.5695571076
2025-05-06,20522.58984375,NEUTRAL,空倉,0,1,929840.3472160893
2025-05-07,20546.490234375,NEUTRAL,空倉,0,1,930923.2294296183
2025-05-08,20543.400390625,NEUTRAL,空倉,0,1,930783.234360418
2025-05-09,20915.0390625,BEAR,均值回歸,-1,0,1000000.0
2025-05-12,21129.5390625,BEAR,均值回歸,-1,0,1000000.0
2025-05-13,21330.140625,NEUTRAL,空倉,0,0,1000000.0
2025-05-14,21782.869140625,NEUTRAL,空倉,0,0,1000000.0
2025-05-15,21730.25,NEUTRAL,空倉,0,0,1000000.0
2025-05-16,21843.689453125,NEUTRAL,空倉,0,0,1000000.0
2025-05-19,21523.830078125,NEUTRAL,空倉,0,0,1000000.0
2025-05-20,21526.029296875,NEUTRAL,空倉,0,0,1000000.0
2025-05-21,21803.91015625,NEUTRAL,空倉,0,0,1000000.0
2025-05-22,21670.9609375,NEUTRAL,空倉,0,0,1000000.0
2025-05-23,21652.240234375,NEUTRAL,空倉,0,0,1000000.0
2025-05-26,21536.5703125,NEUTRAL,空倉,0,0,1000000.0
2025-05-27,21336.5390625,NEUTRAL,空倉,0,0,1000000.0
2025-05-28,21357.720703125,NEUTRAL,空倉,0,0,1000000.0
2025-05-29,21347.30078125,NEUTRAL,空倉,0,0,1000000.0
2025-06-02,21002.7109375,NEUTRAL,空倉,0,0,1000000.0
2025-06-03,21126.9296875,NEUTRAL,空倉,0,0,1000000.0
2025-06-04,21618.08984375,NEUTRAL,空倉,0,0,1000000.0
2025-06-05,21674.4296875,NEUTRAL,空倉,0,0,1000000.0
2025-06-06,21660.66015625,NEUTRAL,空倉,0,0,1000000.0
2025-06-09,21790.2890625,NEUTRAL,空倉,0,0,1000000.0
2025-06-10,22242.140625,NEUTRAL,空倉,0,0,1000000.0
2025-06-11,22470.099609375,BULL,SMA趨勢,0,0,1000000.0
2025-06-12,22287.8203125,BULL,SMA趨勢,0,0,1000000.0
2025-06-13,22072.94921875,BULL,SMA趨勢,0,0,1000000.0
2025-06-16,22049.900390625,NEUTRAL,空倉,0,0,1000000.0
2025-06-17,22211.58984375,NEUTRAL,空倉,0,0,1000000.0
2025-06-18,22356.73046875,NEUTRAL,空倉,0,0,1000000.0
2025-06-19,22003.5,BULL,SMA趨勢,0,0,1000000.0
2025-06-20,22045.740234375,NEUTRAL,空倉,0,0,1000000.0
2025-06-23,21732.01953125,NEUTRAL,空倉,0,0,1000000.0
2025-06-24,22188.759765625,NEUTRAL,空倉,0,0,1000000.0
2025-06-25,22430.609375,NEUTRAL,空倉,0,0,1000000.0
2025-06-26,22492.33984375,BULL,SMA趨勢,0,0,1000000.0
2025-06-27,22580.080078125,BULL,SMA趨勢,0,0,1000000.0
2025-06-30,22256.01953125,BULL,SMA趨勢,0,0,1000000.0
2025-07-01,22553.720703125,BULL,SMA趨勢,0,0,1000000.0
2025-07-02,22577.740234375,BULL,SMA趨勢,0,0,1000000.0
2025-07-03,22712.970703125,BULL,SMA趨勢,0,0,1000000.0
2025-07-04,22547.5,BULL,SMA趨勢,0,0,1000000.0
2025-07-07,22428.720703125,BULL,SMA趨勢,0,0,1000000.0
2025-07-08,22362.26953125,NEUTRAL,空倉,0,0,1000000.0
2025-07-09,22527.009765625,NEUTRAL,空倉,0,0,1000000.0
2025-07-10,22693.25,NEUTRAL,空倉,0,0,1000000.0
2025-07-11,22751.029296875,BULL,SMA趨勢,0,0,1000000.0
2025-07-14,22614.970703125,BULL,SMA趨勢,0,0,1000000.0
2025-07-15,22835.939453125,NEUTRAL,空倉,0,0,1000000.0
2025-07-16,23042.900390625,BULL,SMA趨勢,0,0,1000000.0
2025-07-17,23113.279296875,BULL,SMA趨勢,0,0,1000000.0
2025-07-18,23383.130859375,BULL,SMA趨勢,0,0,1000000.0
2025-07-21,23340.560546875,BULL,SMA趨勢,0,0,1000000.0
2025-07-22,22987.919921875,BULL,SMA趨勢,0,0,1000000.0
2025-07-23,23318.669921875,BULL,SMA趨勢,0,0,1000000.0
2025-07-24,23373.73046875,BULL,SMA趨勢,0,0,1000000.0
2025-07-25,23364.380859375,BULL,SMA趨勢,0,0,1000000.0
2025-07-28,23412.98046875,BULL,SMA趨勢,0,0,1000000.0
2025-07-29,23201.51953125,BULL,SMA趨勢,0,0,1000000.0
2025-07-30,23461.720703125,BULL,SMA趨勢,0,0,1000000.0
2025-07-31,23542.51953125,BULL,SMA趨勢,0,0,1000000.0
2025-08-01,23434.380859375,BULL,SMA趨勢,0,0,1000000.0
2025-08-04,23378.939453125,BULL,SMA趨勢,0,0,1000000.0
2025-08-05,23660.58984375,BULL,SMA趨勢,0,0,1000000.0
2025-08-06,23447.359375,BULL,SMA趨勢,0,0,1000000.0
2025-08-07,24003.76953125,BULL,SMA趨勢,0,0,1000000.0
2025-08-08,24021.259765625,BULL,SMA趨勢,0,0,1000000.0
2025-08-11,24135.5,BULL,SMA趨勢,0,0,1000000.0
2025-08-12,24158.359375,BULL,SMA趨勢,0,0,1000000.0
2025-08-13,24370.01953125,BULL,SMA趨勢,0,0,1000000.0
2025-08-14,24238.099609375,BULL,SMA趨勢,0,0,1000000.0
2025-08-15,24334.48046875,BULL,SMA趨勢,0,0,1000000.0
2025-08-18,24482.51953125,BULL,SMA趨勢,0,0,1000000.0
2025-08-19,24353.5,BULL,SMA趨勢,0,0,1000000.0
2025-08-20,23625.439453125,BULL,SMA趨勢,0,0,1000000.0
2025-08-21,23962.130859375,NEUTRAL,空倉,0,0,1000000.0
2025-08-22,23764.470703125,BULL,SMA趨勢,0,0,1000000.0
2025-08-25,24277.380859375,NEUTRAL,空倉,0,0,1000000.0
2025-08-26,24305.099609375,BULL,SMA趨勢,0,0,1000000.0
2025-08-27,24519.900390625,BULL,SMA趨勢,0,0,1000000.0
2025-08-28,24236.44921875,BULL,SMA趨勢,0,0,1000000.0
2025-08-29,24233.099609375,BULL,SMA趨勢,0,0,1000000.0
2025-09-01,24071.73046875,BULL,SMA趨勢,0,0,1000000.0
2025-09-02,24016.779296875,NEUTRAL,空倉,0,0,1000000.0
2025-09-03,24100.30078125,BULL,SMA趨勢,0,0,1000000.0
2025-09-04,24179.849609375,NEUTRAL,空倉,0,0,1000000.0
2025-09-05,24494.580078125,NEUTRAL,空倉,0,0,1000000.0
2025-09-08,24547.380859375,NEUTRAL,空倉,0,0,1000000.0
2025-09-09,24855.1796875,NEUTRAL,空倉,0,0,1000000.0
2025-09-10,25192.58984375,NEUTRAL,空倉,0,0,1000000.0
2025-09-11,25215.7109375,BULL,SMA趨勢,0,0,1000000.0
2025-09-12,25474.640625,BULL,SMA趨勢,0,0,1000000.0
2025-09-15,25357.16015625,BULL,SMA趨勢,0,0,1000000.0
2025-09-16,25629.640625,BULL,SMA趨勢,0,0,1000000.0
2025-09-17,25438.25,BULL,SMA趨勢,0,0,1000000.0
2025-09-18,25769.359375,BULL,SMA趨勢,0,0,1000000.0
2025-09-19,25578.369140625,BULL,SMA趨勢,0,0,1000000.0
2025-09-22,25880.599609375,BULL,SMA趨勢,0,0,1000000.0
2025-09-23,26247.369140625,BULL,SMA趨勢,0,0,1000000.0
2025-09-24,26196.73046875,BULL,SMA趨勢,0,0,1000000.0
2025-09-25,26023.849609375,BULL,SMA趨勢,0,0,1000000.0
2025-09-26,25580.3203125,BULL,SMA趨勢,0,0,1000000.0
2025-09-30,25820.5390625,BULL,SMA趨勢,0,0,1000000.0
2025-10-01,25982.91015625,BULL,SMA趨勢,0,0,1000000.0
2025-10-02,26378.390625,BULL,SMA趨勢,0,0,1000000.0
2025-10-03,26761.060546875,BULL,SMA趨勢,0,0,1000000.0
2025-10-07,27211.94921875,BULL,SMA趨勢,0,0,1000000.0
2025-10-08,27063.6796875,BULL,SMA趨勢,0,0,1000000.0
2025-10-09,27301.919921875,BULL,SMA趨勢,0,0,1000000.0
2025-10-13,26923.419921875,BULL,SMA趨勢,0,0,1000000.0
2025-10-14,26793.150390625,BULL,SMA趨勢,0,0,1000000.0
2025-10-15,27275.7109375,BULL,SMA趨勢,0,0,1000000.0
2025-10-16,27647.869140625,BULL,SMA趨勢,0,0,1000000.0
2025-10-17,27302.369140625,BULL,SMA趨勢,0,0,1000000.0
2025-10-20,27688.630859375,BULL,SMA趨勢,0,0,1000000.0
2025-10-21,27752.41015625,BULL,SMA趨勢,0,0,1000000.0
2025-10-22,27648.91015625,BULL,SMA趨勢,0,0,1000000.0
2025-10-23,27532.259765625,BULL,SMA趨勢,0,0,1000000.0
2025-10-27,27993.630859375,BULL,SMA趨勢,0,0,1000000.0
2025-10-28,27949.109375,BULL,SMA趨勢,0,0,1000000.0
2025-10-29,28294.740234375,BULL,SMA趨勢,0,0,1000000.0
2025-10-30,28287.529296875,BULL,SMA趨勢,0,0,1000000.0
2025-10-31,28233.349609375,BULL,SMA趨勢,0,0,1000000.0
2025-11-03,28334.58984375,BULL,SMA趨勢,0,0,1000000.0
2025-11-04,28116.560546875,BULL,SMA趨勢,0,0,1000000.0
2025-11-05,27717.060546875,BULL,SMA趨勢,0,0,1000000.0
2025-11-06,27899.44921875,NEUTRAL,空倉,0,0,1000000.0
2025-11-07,27651.41015625,BULL,SMA趨勢,0,0,1000000.0
2025-11-10,27869.509765625,NEUTRAL,空倉,0,0,1000000.0
2025-11-11,27784.94921875,BULL,SMA趨勢,0,0,1000000.0
2025-11-12,27947.08984375,BULL,SMA趨勢,0,0,1000000.0
2025-11-13,27903.560546875,BULL,SMA趨勢,0,0,1000000.0
2025-11-14,27397.5,NEUTRAL,空倉,0,0,1000000.0
2025-11-17,27447.310546875,NEUTRAL,空倉,0,0,1000000.0
2025-11-18,26756.119140625,NEUTRAL,空倉,0,0,1000000.0
2025-11-19,26580.119140625,BEAR,均值回歸,1,1,1000000.0
2025-11-20,27426.359375,BEAR,均值回歸,0,1,1031837.3378952093
2025-11-21,26434.939453125,NEUTRAL,空倉,0,1,994538.0347344603
2025-11-24,26504.240234375,BEAR,均值回歸,0,1,997145.2759166143
2025-11-25,26912.169921875,BEAR,均值回歸,0,1,1012492.4489425067
2025-11-26,27409.5390625,NEUTRAL,空倉,0,1,1031204.5223532245
2025-11-27,27554.529296875,NEUTRAL,空倉,0,1,1036659.3599936395
2025-11-28,27626.48046875,NEUTRAL,空倉,0,1,1039366.3144468659
2025-12-01,27342.529296875,NEUTRAL,空倉,0,1,1028683.4739986073
2025-12-02,27564.26953125,NEUTRAL,空倉,0,1,1037025.8081018466
2025-12-03,27793.0390625,NEUTRAL,空倉,0,1,1045632.5991414078
2025-12-04,27795.7109375,NEUTRAL,空倉,0,1,1045733.1206998653
2025-12-05,27980.890625,NEUTRAL,空倉,0,1,1052699.9701154109
2025-12-08,28303.779296875,NEUTRAL,空倉,0,1,1064847.721228441
2025-12-09,28182.599609375,NEUTRAL,空倉,0,1,1060288.6864529052
2025-12-10,28400.73046875,NEUTRAL,空倉,0,1,1068495.2282754213
2025-12-11,28024.75,NEUTRAL,空倉,0,1,1054350.052072078
2025-12-12,28198.01953125,BULL,SMA趨勢,0,1,1060868.8163535057
2025-12-15,27866.939453125,BULL,SMA趨勢,0,1,1048412.8873046783
2025-12-16,27536.66015625,BULL,SMA趨勢,0,1,1035987.0853311197
2025-12-17,27525.169921875,BEAR,均值回歸,0,1,1035554.7985413498
2025-12-18,27468.529296875,BEAR,均值回歸,0,1,1033423.8590711264
2025-12-19,27696.349609375,BEAR,均值回歸,0,1,1041994.9385043936
2025-12-22,28149.640625,BULL,SMA趨勢,0,1,1059048.700123249
2025-12-23,28310.470703125,BULL,SMA趨勢,0,1,1065099.4660086131
2025-12-24,28371.98046875,BULL,SMA趨勢,0,1,1067413.5927926044
2025-12-26,28556.01953125,BULL,SMA趨勢,0,1,1074337.52949606
2025-12-29,28810.890625,BULL,SMA趨勢,0,1,1083926.3162280372
2025-12-30,28707.130859375,BULL,SMA趨勢,0,1,1080022.655560602
2025-12-31,28963.599609375,BULL,SMA趨勢,0,1,1089671.549481774
2026-01-02,29349.810546875,BULL,SMA趨勢,0,1,1104201.6174418426
2026-01-05,30105.0390625,BULL,SMA趨勢,0,1,1132614.9030117595
2026-01-06,30576.30078125,BULL,SMA趨勢,0,1,1150344.7602880471
2026-01-07,30435.470703125,BULL,SMA趨勢,0,1,1145046.4364776865
2026-01-08,30360.55078125,BULL,SMA趨勢,0,1,1142227.7914039518
2026-01-09,30288.9609375,BULL,SMA趨勢,0,1,1139534.4308749323
2026-01-12,30567.2890625,BULL,SMA趨勢,0,1,1150005.7204702673
2026-01-13,30707.220703125,BULL,SMA趨勢,0,1,1155270.2431717904
2026-01-14,30941.779296875,BULL,SMA趨勢,0,1,1164094.8309213426
2026-01-15,30810.580078125,BULL,SMA趨勢,0,1,1159158.8403015912
2026-01-16,31408.69921875,BULL,SMA趨勢,0,1,1181661.340665137
2026-01-19,31639.2890625,BULL,SMA趨勢,0,1,1190336.6156904306
2026-01-20,31759.990234375,BULL,SMA趨勢,0,1,1194877.647701477
2026-01-21,31246.369140625,BULL,SMA趨勢,0,1,1175554.1416241478
2026-01-22,31746.080078125,BULL,SMA趨勢,0,1,1194354.3183598586
2026-01-23,31961.509765625,BULL,SMA趨勢,0,1,1202459.2364138465
2026-01-26,32064.51953125,BULL,SMA趨勢,0,1,1206334.680503469
2026-01-27,32317.919921875,BULL,SMA趨勢,0,1,1215868.1362898918
2026-01-28,32803.8203125,BULL,SMA趨勢,0,1,1234148.7311982252
2026-01-29,32536.26953125,BULL,SMA趨勢,0,1,1224082.9079476031
2026-01-30,32063.75,BULL,SMA趨勢,0,1,1206305.7291189425
2026-02-02,31624.029296875,BULL,SMA趨勢,0,1,1189762.511204884
2026-02-03,32195.359375,BULL,SMA趨勢,0,1,1211257.1506796852
2026-02-04,32289.810546875,BULL,SMA趨勢,0,1,1214810.60246729
2026-02-05,31801.26953125,BULL,SMA趨勢,0,1,1196430.6616912414
2026-02-06,31782.919921875,BULL,SMA趨勢,0,1,1195740.3107835604
2026-02-09,32404.619140625,BULL,SMA趨勢,0,1,1219129.9432927615
2026-02-10,33072.96875,BULL,SMA趨勢,0,1,1244274.6616380413
2026-02-11,33605.7109375,BULL,SMA趨勢,0,1,1264317.5434882494
2026-02-23,33773.26171875,BULL,SMA趨勢,0,1,1270621.156363856
2026-02-24,34700.8203125,BULL,SMA趨勢,0,1,1305517.8620122639
2026-02-25,35413.0703125,BULL,SMA趨勢,0,1,1332314.2054083096
2026-02-26,35414.48828125,BULL,SMA趨勢,0,1,1332367.5523757369
