Date,Open,High,Low,Close,Volume
2020-01-02,53.75,54.15,53.7,54.1,651303
2020-01-03,54.45,54.6,53.85,54.05,751165
2020-01-06,53.8,53.8,53.55,53.65,934168
2020-01-07,53.5,53.6,52.9,53.25,883763
2020-01-08,52.85,53.25,52.7,53.0,1029705
2020-01-09,53.45,53.75,53.35,53.75,468834
2020-01-10,53.8,53.95,53.6,53.85,1058259
2020-01-13,54.15,54.3,53.95,54.2,791505
2020-01-14,54.5,54.7,54.5,54.6,546115
2020-01-15,54.6,54.6,54.0,54.15,1028888
2020-01-16,53.85,54.0,53.65,53.9,724975
2020-01-17,54.05,54.05,53.8,53.9,456980
2020-01-20,54.05,54.25,54.0,54.05,725025
2020-01-30,52.55,52.55,51.9,52.0,1781175
2020-01-31,52.0,52.0,51.3,51.5,2139662
2020-02-03,50.85,51.1,50.2,50.9,1051862
2020-02-04,51.2,51.95,51.05,51.85,787316
2020-02-05,52.1,52.2,51.6,52.0,821675
2020-02-06,52.35,52.9,52.35,52.9,910667
2020-02-07,52.5,52.5,52.05,52.2,887071
2020-02-10,51.55,52.2,51.35,51.95,590764
2020-02-11,52.25,52.6,52.25,52.45,613345
2020-02-12,52.6,53.1,52.6,53.05,667615
2020-02-13,53.2,53.4,53.0,53.1,772231
2020-02-14,53.05,53.25,52.95,53.15,626241
2020-02-17,52.95,52.95,52.6,52.8,815343
2020-02-18,52.5,52.5,52.15,52.15,1256363
2020-02-19,52.3,52.75,52.1,52.6,636465
2020-02-20,52.75,52.8,52.35,52.5,715251
2020-02-21,52.5,52.55,52.1,52.3,723749
2020-02-24,51.65,51.8,51.5,51.7,1062801
2020-02-25,51.45,51.75,51.2,51.7,549384
2020-02-26,51.3,51.4,51.0,51.25,1945063
2020-02-27,51.2,51.3,50.65,50.75,1321475
2020-03-02,50.0,50.55,49.98,50.15,1291062
2020-03-03,50.85,51.0,50.6,50.8,1145813
2020-03-04,50.8,50.95,50.5,50.9,838133
2020-03-05,50.95,51.5,50.95,51.45,723439
2020-03-06,51.4,51.4,50.55,50.6,1296320
2020-03-09,49.65,49.83,49.25,49.55,1890283
2020-03-10,48.88,49.25,48.5,49.24,1950293
2020-03-11,49.28,49.48,48.6,48.65,1630222
2020-03-12,48.45,48.45,46.65,47.0,2376511
2020-03-13,44.16,46.17,43.0,45.88,2824164
2020-03-16,45.9,45.9,44.03,44.1,1615399
2020-03-17,43.0,43.8,42.76,43.03,992522
2020-03-18,43.8,43.8,41.55,41.55,1366482
2020-03-19,41.2,41.2,38.6,39.61,1354039
2020-03-20,41.2,42.4,40.65,42.0,1630221
2020-03-23,41.05,41.4,39.99,40.8,822646
2020-03-24,42.03,43.05,42.03,42.57,960580
2020-03-25,43.99,44.3,43.59,43.8,1566002
2020-03-26,44.1,44.39,43.5,44.21,1440903
2020-03-27,44.93,45.2,43.85,43.9,1605231
2020-03-30,42.6,43.47,42.5,43.36,780257
2020-03-31,44.0,44.1,43.36,43.54,1065666
2020-04-01,43.81,43.9,43.46,43.54,1108250
2020-04-06,44.25,44.25,43.4,43.95,1988691
2020-04-07,44.7,45.08,44.61,44.82,1173722
2020-04-08,44.9,45.5,44.88,45.5,855867
2020-04-09,45.78,45.81,45.11,45.4,941963
2020-04-10,45.2,45.38,45.15,45.34,506616
2020-04-13,45.39,45.45,45.01,45.16,839911
2020-04-14,45.28,46.27,45.22,46.27,932619
2020-04-15,46.31,46.62,46.31,46.5,863048
2020-04-16,46.08,46.5,45.9,46.35,1061902
2020-04-17,47.51,48.0,47.45,47.63,772772
2020-04-20,47.89,47.89,47.4,47.54,666075
2020-04-21,47.28,47.28,46.0,46.25,1439973
2020-04-22,45.97,46.17,45.5,46.17,758461
2020-04-23,46.34,46.9,46.08,46.45,984708
2020-04-24,46.5,46.72,46.16,46.39,1360110
2020-04-27,46.85,47.31,46.78,47.31,1073523
2020-04-28,47.45,47.51,46.97,47.23,869510
2020-04-29,47.34,47.99,47.34,47.9,969356
2020-04-30,48.41,48.95,48.32,48.93,1461250
2020-05-04,47.9,47.9,47.25,47.7,2021636
2020-05-05,47.9,47.97,47.65,47.78,1180558
2020-05-06,47.89,47.91,47.48,47.74,2296341
2020-05-07,47.76,48.22,47.71,48.04,1317378
2020-05-08,48.2,48.51,48.11,48.29,1069669
2020-05-11,48.79,48.92,48.52,48.72,1533795
2020-05-12,48.5,48.5,47.96,48.1,1613629
2020-05-13,47.8,48.31,47.8,48.25,897462
2020-05-14,47.99,48.05,47.67,47.7,1068511
2020-05-15,48.03,48.19,47.6,47.91,772084
2020-05-18,47.64,47.71,47.42,47.5,1638158
2020-05-19,48.13,48.14,47.8,47.95,585700
2020-05-20,48.03,48.14,47.84,47.95,716166
2020-05-21,48.08,48.4,48.08,48.37,865606
2020-05-22,48.0,48.0,47.5,47.56,1683336
2020-05-25,47.56,47.7,47.15,47.68,802439
2020-05-26,47.86,48.46,47.86,48.38,1518720
2020-05-27,48.39,48.57,48.15,48.28,830077
2020-05-28,48.4,48.53,47.89,48.0,947979
2020-05-29,47.72,48.23,47.52,48.23,913418
2020-06-01,48.25,48.66,48.25,48.56,911578
2020-06-02,48.63,48.91,48.63,48.9,720015
2020-06-03,49.16,49.72,49.16,49.71,1311772
2020-06-04,49.98,50.05,49.72,49.97,2049342
2020-06-05,50.0,50.4,50.0,50.35,1395865
2020-06-08,50.6,51.25,50.6,51.0,2143018
2020-06-09,51.2,51.2,50.75,51.2,819019
2020-06-10,51.15,51.75,51.15,51.65,812374
2020-06-11,51.75,51.95,50.8,50.85,1343600
2020-06-12,49.76,50.5,49.74,50.35,1295665
2020-06-15,50.35,50.45,49.69,49.76,949566
2020-06-16,50.35,51.0,50.35,50.9,1400081
2020-06-17,51.0,51.0,50.55,50.8,793331
2020-06-18,50.8,50.9,50.5,50.85,496760
2020-06-19,50.85,50.95,50.7,50.8,431500
2020-06-22,50.85,51.25,50.85,51.0,715539
2020-06-23,51.4,51.4,50.85,51.2,857061
2020-06-24,51.4,51.65,51.35,51.4,590504
2020-06-29,51.2,51.25,50.75,51.0,1186703
2020-06-30,51.05,51.35,51.05,51.35,734567
2020-07-01,51.4,51.8,51.4,51.75,595103
2020-07-02,51.75,52.2,51.75,52.2,579282
2020-07-03,52.55,52.85,52.5,52.8,552569
2020-07-06,52.9,53.85,52.9,53.75,1889538
2020-07-07,54.1,54.45,53.75,53.9,1159430
2020-07-08,53.9,54.35,53.85,54.35,917584
2020-07-09,54.5,54.75,54.35,54.4,1032211
2020-07-10,54.65,54.7,53.85,54.05,1084795
2020-07-13,54.5,54.8,54.3,54.8,1946813
2020-07-14,54.8,55.2,54.65,55.2,994861
2020-07-15,55.4,55.85,55.1,55.4,1408368
2020-07-16,55.35,55.4,54.7,54.95,1229664
2020-07-17,55.25,55.75,55.1,55.4,774629
2020-07-20,55.5,55.55,55.0,55.5,995534
2020-07-21,55.45,56.5,55.45,56.3,1490962
2020-07-22,56.3,56.75,56.25,56.45,970664
2020-07-23,56.45,56.45,56.0,56.4,834926
2020-07-24,56.6,57.0,55.85,56.2,2178705
2020-07-27,58.2,59.0,58.1,58.95,2527023
2020-07-28,61.3,63.2,58.85,59.1,2955784
2020-07-29,58.85,59.25,58.2,58.55,1068295
2020-07-30,59.45,59.8,59.0,59.5,823241
2020-07-31,59.3,59.6,59.1,59.3,753661
2020-08-03,59.1,59.2,58.35,58.4,981810
2020-08-04,58.6,59.15,58.6,59.1,342096
2020-08-05,59.5,59.8,59.3,59.6,876842
2020-08-06,60.2,60.5,60.0,60.25,1302866
2020-08-07,60.25,60.25,59.65,59.85,817324
2020-08-10,59.75,60.5,59.7,60.35,638399
2020-08-11,60.3,60.4,59.95,59.95,676559
2020-08-12,59.75,59.75,59.0,59.1,825689
2020-08-13,59.65,59.95,59.5,59.75,812691
2020-08-14,59.55,59.8,59.2,59.7,740128
2020-08-17,59.7,60.45,59.65,60.35,1084075
2020-08-18,60.4,60.5,59.95,60.05,591672
2020-08-19,60.05,60.4,59.55,59.6,614723
2020-08-20,59.45,59.45,56.7,57.8,2635089
2020-08-21,58.25,58.95,58.25,58.85,1289734
2020-08-24,59.0,59.25,58.7,59.05,609418
2020-08-25,59.2,59.65,59.05,59.3,676740
2020-08-26,59.4,59.8,59.35,59.7,687606
2020-08-27,60.1,60.55,59.7,59.7,1147402
2020-08-28,59.4,59.6,58.9,59.25,955604
2020-08-31,59.4,59.6,58.55,58.55,985740
2020-09-01,58.55,59.0,58.3,58.95,713218
2020-09-02,59.5,59.5,58.5,58.9,554508
2020-09-03,59.25,59.5,58.9,59.05,681249
2020-09-04,58.4,58.7,58.25,58.5,1178326
2020-09-07,58.5,58.9,58.35,58.5,1210403
2020-09-08,58.5,59.0,58.5,58.9,545548
2020-09-09,58.2,58.6,57.85,58.6,917756
2020-09-10,58.95,59.0,58.7,59.0,632974
2020-09-11,59.0,59.05,58.75,59.0,743054
2020-09-14,59.05,59.6,59.05,59.55,1097919
2020-09-15,59.55,59.95,59.5,59.9,390780
2020-09-16,60.8,61.0,60.6,60.7,2292427
2020-09-17,60.5,60.55,59.9,60.0,1178103
2020-09-18,60.0,60.1,59.5,60.0,785194
2020-09-21,60.0,60.3,59.35,59.5,1015440
2020-09-22,59.5,59.5,58.75,58.9,1259695
2020-09-23,58.9,59.0,58.45,58.75,973152
2020-09-24,57.95,58.1,57.4,57.45,2099291
2020-09-25,57.65,58.1,57.2,57.45,1244901
2020-09-28,57.65,58.4,57.65,58.3,1870596
2020-09-29,58.5,58.95,58.3,58.5,1174588
2020-09-30,58.6,58.95,58.6,58.75,1136590
2020-10-05,59.05,59.2,58.6,58.9,1843174
2020-10-06,59.5,59.65,59.2,59.55,2176205
2020-10-07,59.4,59.9,59.05,59.9,1691549
2020-10-08,60.2,60.6,60.1,60.55,2462298
2020-10-12,61.0,61.4,60.9,61.1,2221936
2020-10-13,61.35,61.45,60.5,60.95,1744254
2020-10-14,60.95,61.15,60.75,60.75,1468935
2020-10-15,60.75,60.75,60.05,60.4,1522732
2020-10-16,60.2,60.7,60.0,60.1,1948889
2020-10-19,59.8,60.7,59.8,60.6,1738168
2020-10-20,60.6,60.7,60.5,60.5,1631812
2020-10-21,60.65,60.8,60.35,60.4,1079896
2020-10-22,60.3,60.55,60.25,60.55,1442615
2020-10-23,60.8,60.9,60.5,60.6,1449264
2020-10-26,60.65,60.9,60.5,60.65,1506734
2020-10-27,60.35,60.35,60.15,60.3,1487432
2020-10-28,60.25,60.25,59.85,59.95,1650822
2020-10-29,59.3,59.4,58.7,59.25,1865009
2020-10-30,59.2,59.2,58.75,58.8,2353988
2020-11-02,58.9,59.05,58.45,59.0,1911280
2020-11-03,59.3,59.95,59.3,59.85,1838051
2020-11-04,60.0,60.75,59.85,60.7,1339563
2020-11-05,60.7,60.8,60.45,60.75,1761703
2020-11-06,60.9,61.25,60.85,61.0,1909068
2020-11-09,61.6,62.0,61.5,61.75,1871297
2020-11-10,61.75,61.75,61.15,61.5,1832947
2020-11-11,61.4,62.15,61.4,62.15,2043110
2020-11-12,62.45,62.55,62.15,62.35,1224623
2020-11-13,62.3,62.5,62.1,62.5,2013681
2020-11-16,63.15,64.65,63.15,64.5,2781104
2020-11-17,64.65,65.2,63.7,63.7,2676135
2020-11-18,63.7,64.5,63.7,64.5,1845390
2020-11-19,64.45,64.45,64.05,64.2,1874198
2020-11-20,64.0,64.15,63.9,64.0,2020190
2020-11-23,64.3,65.15,64.3,64.8,1826650
2020-11-24,64.9,64.95,64.5,64.55,2208188
2020-11-25,64.9,64.9,63.95,63.95,2145750
2020-11-26,64.0,64.7,64.0,64.45,2325952
2020-11-27,64.45,64.6,64.2,64.45,1781109
2020-11-30,64.65,64.8,63.65,63.65,2328119
2020-12-01,63.9,64.25,63.7,64.15,1111700
2020-12-02,64.55,64.85,64.4,64.8,1340116
2020-12-03,64.95,65.15,64.55,64.8,2255614
2020-12-04,64.85,65.7,64.85,65.7,1562911
2020-12-07,66.55,66.65,65.95,66.45,2795038
2020-12-08,66.5,67.45,66.25,67.3,1940012
2020-12-09,67.35,67.6,67.25,67.3,1559665
2020-12-10,67.0,67.05,66.3,66.65,2764199
2020-12-11,66.7,66.85,65.95,66.7,1907917
2020-12-14,66.7,66.75,66.35,66.5,1816914
2020-12-15,66.35,66.5,65.65,65.75,2052357
2020-12-16,66.05,66.8,66.05,66.65,2328971
2020-12-17,66.65,66.75,66.2,66.55,1650506
2020-12-18,66.4,66.6,66.25,66.35,1673916
2020-12-21,66.35,67.05,66.0,67.05,1852274
2020-12-22,66.7,67.0,66.2,66.2,2041546
2020-12-23,66.15,66.4,66.0,66.4,787668
2020-12-24,66.45,66.8,66.45,66.65,1532074
2020-12-25,66.85,67.15,66.7,66.8,1146424
2020-12-28,66.8,67.5,66.8,67.45,2241904
2020-12-29,67.5,67.6,67.2,67.4,1626313
2020-12-30,67.45,68.3,67.4,68.3,1135406
2020-12-31,68.5,68.8,68.4,68.75,1338053
2021-01-04,68.75,70.3,68.75,70.0,1074978
2021-01-05,70.0,70.25,69.7,70.25,1995346
2021-01-06,70.75,71.65,70.1,70.8,2825860
2021-01-07,71.25,72.65,71.25,72.4,1678447
2021-01-08,73.75,74.15,73.1,74.1,1892145
2021-01-11,74.0,74.35,73.5,74.35,2717558
2021-01-12,74.35,74.95,74.05,74.45,2291749
2021-01-13,75.0,76.05,74.85,76.0,2182744
2021-01-14,76.0,76.0,75.05,75.3,2390881
2021-01-15,77.0,77.7,75.55,75.55,2744092
2021-01-18,75.5,75.9,74.15,75.65,2801691
2021-01-19,76.25,77.65,76.2,77.5,2200690
2021-01-20,77.75,78.65,77.6,77.85,2836766
2021-01-21,77.85,80.6,77.85,80.2,2831991
2021-01-22,79.0,80.0,78.9,79.2,2675859
2021-01-25,79.05,79.05,77.3,78.3,3028485
2021-01-26,78.2,78.6,76.05,76.55,4187476
2021-01-27,76.75,77.35,76.2,76.5,2474213
2021-01-28,75.3,75.65,74.6,74.9,3232177
2021-01-29,75.9,76.0,73.55,73.55,2557808
2021-02-01,73.6,75.25,73.25,75.2,2566351
2021-02-02,76.3,77.7,76.3,77.35,2347322
2021-02-03,77.95,78.0,77.2,77.4,2010504
2021-02-04,76.7,77.3,76.2,76.85,1878892
2021-02-05,77.8,78.2,77.3,77.6,2156288
2021-02-17,80.2,81.1,79.85,80.8,4528668
2021-02-18,80.9,81.35,80.3,80.7,2260906
2021-02-19,80.35,80.35,79.3,79.95,2523555
2021-02-22,80.55,80.85,79.8,79.9,2614348
2021-02-23,79.6,79.7,78.6,79.6,2290074
2021-02-24,78.95,79.4,78.3,78.3,2631819
2021-02-25,79.2,79.3,78.55,79.1,1843711
2021-02-26,77.8,78.1,77.05,77.45,5681359
2021-03-02,78.15,78.15,76.75,76.75,3151930
2021-03-03,76.75,78.0,76.3,78.0,1668445
2021-03-04,77.2,77.2,75.9,76.4,4447139
2021-03-05,75.3,76.2,74.4,75.7,2912184
2021-03-08,76.5,76.9,75.6,75.65,3279206
2021-03-09,75.05,75.65,74.65,75.5,2386794
2021-03-10,75.85,76.25,75.55,75.75,1565965
2021-03-11,75.9,77.4,75.9,77.3,1609746
2021-03-12,77.9,77.95,77.25,77.6,1516972
2021-03-15,77.6,77.65,77.25,77.5,1299995
2021-03-16,77.7,78.0,77.45,77.9,2147674
2021-03-17,77.9,78.0,77.0,77.2,1723636
2021-03-18,77.45,78.15,77.45,77.45,2174076
2021-03-19,76.8,76.8,76.15,76.35,3280183
2021-03-22,76.35,76.85,75.7,76.75,1772130
2021-03-23,76.9,77.35,76.65,76.7,1147841
2021-03-24,75.7,76.1,75.4,75.6,2138151
2021-03-25,75.6,76.2,75.15,75.85,2518846
2021-03-26,76.05,77.3,76.05,77.2,2504475
2021-03-29,78.0,78.0,77.55,77.7,1659185
2021-03-30,77.85,78.0,77.6,77.95,1577770
2021-03-31,77.95,77.95,77.35,77.35,2018211
2021-04-01,77.65,78.0,77.65,77.9,1456711
2021-04-06,79.0,79.35,78.9,79.0,3582067
2021-04-07,79.0,79.1,78.75,79.1,1183980
2021-04-08,79.0,79.45,78.5,79.4,1502909
2021-04-09,79.5,79.6,79.1,79.15,1133623
2021-04-12,79.5,79.5,78.55,78.8,1280706
2021-04-13,78.8,79.6,78.7,78.8,1307286
2021-04-14,78.8,79.2,78.2,79.2,1867089
2021-04-15,79.2,80.0,79.1,80.0,1619840
2021-04-16,79.95,80.0,79.5,80.0,2412923
2021-04-19,80.0,80.05,79.7,80.0,1104260
2021-04-20,80.0,80.15,79.65,80.15,952119
2021-04-21,80.0,80.0,79.25,79.3,1240007
2021-04-22,79.5,79.95,79.0,79.05,1273014
2021-04-23,79.05,79.8,78.85,79.8,1046356
2021-04-26,80.25,81.15,80.25,81.0,2758529
2021-04-27,81.0,81.1,80.65,80.9,997776
2021-04-28,80.85,80.85,80.35,80.55,1348775
2021-04-29,81.05,81.35,80.65,80.75,1368812
2021-05-03,80.65,80.65,79.3,79.35,2496976
2021-05-04,79.35,79.4,77.65,78.8,3019679
2021-05-05,78.6,78.85,78.05,78.05,2182019
2021-05-06,78.2,79.2,78.05,78.8,3834604
2021-05-07,79.3,80.1,79.15,80.1,1666317
2021-05-10,80.1,80.1,79.3,79.45,1344404
2021-05-11,77.95,78.05,77.0,77.1,4894415
2021-05-12,76.4,76.4,73.3,75.8,7171474
2021-05-13,73.6,74.75,71.9,73.1,6357744
2021-05-14,73.5,74.85,73.5,74.1,2907671
2021-05-17,72.0,73.9,71.5,72.55,6023269
2021-05-18,73.4,76.05,73.35,75.95,2701354
2021-05-19,76.0,76.25,75.15,75.4,1799738
2021-05-20,75.4,75.7,74.65,75.2,1662775
2021-05-21,76.05,76.8,75.35,76.05,1367338
2021-05-24,75.9,76.25,75.4,76.05,1198683
2021-05-25,76.5,77.6,76.5,77.5,1672276
2021-05-26,77.55,77.9,77.1,77.55,1976400
2021-05-27,76.8,77.0,76.2,77.0,1300282
2021-05-28,77.6,78.15,77.3,78.05,1665023
2021-05-31,78.15,79.1,78.15,78.9,1585340
2021-06-01,78.9,79.35,78.8,79.1,1026064
2021-06-02,79.1,79.2,78.55,78.85,939256
2021-06-03,79.1,79.45,79.0,79.1,1162449
2021-06-04,78.5,78.65,78.3,78.6,928518
2021-06-07,78.7,79.0,77.25,78.75,2548195
2021-06-08,78.9,78.95,78.3,78.35,1858755
2021-06-09,78.1,78.2,77.45,77.75,1907434
2021-06-10,77.95,79.2,77.95,79.1,2242711
2021-06-11,79.4,79.85,79.3,79.4,2110243
2021-06-15,79.6,79.95,79.6,79.8,1222079
2021-06-16,79.8,79.85,79.6,79.7,2139126
2021-06-17,79.45,79.6,78.9,79.6,1098437
2021-06-18,79.8,79.8,79.2,79.2,1237359
2021-06-21,78.9,78.9,77.45,77.5,3633060
2021-06-22,78.15,78.15,77.35,77.35,1484562
2021-06-23,77.95,79.0,77.6,78.8,2819570
2021-06-24,78.8,78.95,78.55,78.65,1087665
2021-06-25,79.25,79.5,78.75,78.9,2218064
2021-06-28,78.9,79.3,78.65,79.2,2157856
2021-06-29,79.4,79.55,79.1,79.3,1331152
2021-06-30,79.5,80.05,79.5,79.9,1506155
2021-07-01,79.8,80.05,79.45,79.6,1434423
2021-07-02,79.75,79.85,79.4,79.5,860060
2021-07-05,79.9,80.45,79.9,80.3,1689799
2021-07-06,80.35,80.7,80.35,80.4,2321383
2021-07-07,80.3,80.3,79.7,80.0,846263
2021-07-08,80.45,80.45,79.5,79.85,904871
2021-07-09,79.6,79.6,78.55,78.95,4358346
2021-07-12,80.1,80.5,79.5,79.85,2809885
2021-07-13,80.3,80.9,80.15,80.35,2631673
2021-07-14,80.65,81.0,80.25,80.65,1483808
2021-07-15,80.65,81.25,80.65,81.25,1676423
2021-07-16,79.9,80.3,79.65,80.15,2711758
2021-07-19,79.7,79.7,79.0,79.5,1933956
2021-07-20,79.25,79.25,78.5,78.75,2507317
2021-07-21,79.05,79.3,78.3,78.65,2240872
2021-07-22,79.0,79.65,78.95,79.15,841518
2021-07-23,79.4,79.55,78.9,79.05,1317574
2021-07-26,79.3,79.4,78.4,78.5,3198458
2021-07-27,78.75,78.8,78.3,78.35,2393115
2021-07-28,78.1,78.6,77.05,78.6,4276861
2021-07-29,78.5,78.7,77.9,78.7,1320877
2021-07-30,78.7,78.7,78.25,78.3,922952
2021-08-02,78.55,79.5,78.3,79.5,2207385
2021-08-03,79.45,79.6,79.2,79.6,1780183
2021-08-04,79.7,80.15,79.6,80.0,1710724
2021-08-05,80.05,80.1,79.9,79.95,953607
2021-08-06,79.95,80.0,79.3,79.8,1997603
2021-08-09,79.65,79.65,78.75,79.65,1549269
2021-08-10,79.65,79.85,79.0,79.1,1086513
2021-08-11,79.1,79.2,78.55,79.0,2092257
2021-08-12,79.0,79.0,78.6,78.75,1387064
2021-08-13,78.85,78.85,77.95,78.1,2406957
2021-08-16,78.05,78.1,77.55,77.8,3724065
2021-08-17,77.8,77.8,77.2,77.2,2062186
2021-08-18,76.45,77.7,76.1,77.7,2968666
2021-08-19,77.35,77.35,75.9,75.95,5732390
2021-08-20,75.9,76.2,74.8,75.2,4295821
2021-08-23,76.0,77.35,76.0,77.05,2015420
2021-08-24,77.75,77.75,77.3,77.4,1237225
2021-08-25,77.65,78.35,77.65,78.35,1992672
2021-08-26,79.2,79.4,78.4,78.75,2456369
2021-08-27,78.75,79.6,78.6,79.5,2031326
2021-08-30,79.8,80.15,79.65,80.15,3693889
2021-08-31,80.2,80.8,79.35,80.8,2187062
2021-09-01,80.8,81.0,80.5,80.9,1725574
2021-09-02,80.9,81.1,80.2,80.2,1654470
2021-09-03,80.5,81.35,80.5,81.2,2620478
2021-09-06,81.2,82.35,81.2,81.6,3645933
2021-09-07,81.8,81.8,81.0,81.25,1444852
2021-09-08,81.35,81.35,80.15,80.65,2341374
2021-09-09,80.2,80.8,79.85,80.6,1950496
2021-09-10,80.6,81.45,80.6,81.4,976646
2021-09-13,81.35,81.35,80.85,81.05,1147656
2021-09-14,81.15,81.45,81.0,81.2,886517
2021-09-15,81.05,81.1,80.5,80.6,1261008
2021-09-16,80.6,81.0,80.15,80.5,2694340
2021-09-17,80.4,81.05,80.05,80.55,1305042
2021-09-22,78.7,78.9,78.15,78.8,5610447
2021-09-23,79.1,79.65,79.1,79.4,1615812
2021-09-24,79.85,80.2,79.8,80.2,1447076
2021-09-27,80.25,80.7,80.05,80.4,2219865
2021-09-28,80.05,80.05,79.5,79.9,1007082
2021-09-29,78.65,78.75,78.25,78.6,3633983
2021-09-30,78.6,78.85,77.85,78.55,2432588
2021-10-01,78.25,78.25,77.0,77.45,5355649
2021-10-04,77.8,77.8,76.5,76.7,4876745
2021-10-05,75.8,76.6,75.45,76.4,5280125
2021-10-06,76.85,77.0,76.0,76.35,4302051
2021-10-07,77.0,77.95,76.95,77.75,1396252
2021-10-08,77.9,77.95,77.1,77.25,1329158
2021-10-12,76.2,76.6,75.75,76.5,2286265
2021-10-13,76.65,76.75,76.0,76.15,1698337
2021-10-14,76.75,76.9,76.1,76.3,816398
2021-10-15,77.35,78.4,77.2,78.35,2162292
2021-10-18,78.7,78.75,78.0,78.05,1912113
2021-10-19,78.35,78.85,78.1,78.65,998964
2021-10-20,78.7,78.95,78.55,78.55,1143507
2021-10-21,78.65,79.2,78.25,78.35,1918125
2021-10-22,78.35,78.55,78.0,78.45,1018215
2021-10-25,78.2,78.45,77.7,78.3,1700995
2021-10-26,78.4,79.2,78.4,79.0,2454332
2021-10-27,78.95,79.0,78.55,79.0,809629
2021-10-28,78.95,79.0,78.5,78.8,1329896
2021-10-29,78.7,78.7,77.9,78.15,1281232
2021-11-01,78.4,78.7,78.3,78.45,903273
2021-11-02,78.6,79.2,78.3,78.4,1228989
2021-11-03,78.6,78.9,78.55,78.65,892314
2021-11-04,79.05,79.15,78.25,78.4,1279794
2021-11-05,78.75,79.4,78.75,79.4,1944955
2021-11-08,79.4,80.1,79.4,80.05,2446670
2021-11-09,80.6,81.15,80.6,80.75,2803211
2021-11-10,80.75,80.75,80.3,80.5,1922452
2021-11-11,80.0,80.2,79.7,79.85,1810425
2021-11-12,80.3,80.75,80.1,80.2,1655379
2021-11-15,80.6,81.05,80.6,80.9,1604843
2021-11-16,79.55,79.65,79.3,79.55,2854421
2021-11-17,79.75,79.85,79.5,79.7,1497033
2021-11-18,80.0,80.2,79.8,80.2,950080
2021-11-19,80.8,80.95,80.4,80.45,1774153
2021-11-22,80.45,80.5,80.2,80.3,932015
2021-11-23,79.95,79.95,79.45,79.65,1996698
2021-11-24,79.65,79.65,79.0,79.25,1365197
2021-11-25,79.25,79.35,78.9,79.25,1002719
2021-11-26,78.75,78.9,78.0,78.1,6526785
2021-11-29,77.9,78.4,77.6,77.8,3913227
2021-11-30,78.45,78.75,77.75,77.9,4058418
2021-12-01,78.0,79.15,77.95,79.0,1815817
2021-12-02,79.0,80.0,78.85,79.9,2152968
2021-12-03,80.0,80.1,79.45,79.85,1368845
2021-12-06,79.45,80.1,79.0,79.75,2395865
2021-12-07,79.75,79.95,79.2,79.95,1578262
2021-12-08,80.6,80.85,80.15,80.2,2232072
2021-12-09,80.3,80.3,79.8,80.25,1683295
2021-12-10,79.9,80.05,79.65,80.0,1158707
2021-12-13,80.0,80.3,79.7,79.7,1365055
2021-12-14,79.3,79.3,78.85,79.0,2348761
2021-12-15,78.8,79.25,78.75,79.0,1873241
2021-12-16,79.8,80.05,79.6,79.95,2352861
2021-12-17,79.75,80.05,79.5,79.95,1367321
2021-12-20,79.85,79.95,79.15,79.25,1925804
2021-12-21,79.25,80.0,79.25,79.85,1533495
2021-12-22,79.85,80.0,79.85,79.95,1199939
2021-12-23,80.3,80.65,80.3,80.4,1943912
2021-12-24,80.5,80.85,80.4,80.45,2495359
2021-12-27,80.5,81.2,80.5,81.05,2743173
2021-12-28,81.2,81.75,81.2,81.7,2700926
2021-12-29,81.8,82.15,81.75,82.0,2302700
2021-12-30,82.0,82.05,81.7,81.85,1709223
2022-01-03,82.15,82.85,82.15,82.35,2220477
2022-01-04,83.0,84.1,83.0,84.1,3151674
2022-01-05,84.45,84.75,84.1,84.5,15510112
2022-01-06,84.1,84.1,83.05,83.45,4751006
2022-01-07,83.65,83.95,82.5,82.7,3929038
2022-01-10,82.15,83.1,81.85,82.9,2162742
2022-01-11,83.05,83.45,82.55,83.3,4221094
2022-01-12,84.0,84.2,83.65,84.2,2184244
2022-01-13,84.35,84.75,84.2,84.6,2288123
2022-01-14,85.0,85.05,83.9,84.6,4518838
2022-01-17,84.95,85.7,84.95,85.45,3573025
2022-01-18,85.45,85.45,84.4,84.45,3549510
2022-01-19,83.7,84.1,83.3,83.45,3637379
2022-01-20,83.45,83.9,82.95,83.75,2026707
2022-01-21,82.6,82.65,81.85,82.0,5489673
2022-01-24,81.8,82.9,81.55,82.9,2836728
2022-01-25,82.55,82.55,81.35,81.65,5426592
2022-01-26,81.55,81.8,81.3,81.4,9370545
2022-02-07,82.05,82.15,81.3,81.95,5998356
2022-02-08,82.5,82.6,82.2,82.2,2885077
2022-02-09,82.5,82.6,82.15,82.55,1965685
2022-02-10,82.7,83.6,82.7,83.6,1592720
2022-02-11,83.5,83.55,82.95,83.45,1349096
2022-02-14,82.85,82.85,82.0,82.3,3390477
2022-02-15,82.15,82.5,81.9,82.0,2560108
2022-02-16,82.9,83.3,82.9,83.3,2712712
2022-02-17,83.35,83.5,82.9,83.25,1711743
2022-02-18,82.65,83.05,82.4,82.95,1194147
2022-02-21,82.45,82.9,82.3,82.8,1401364
2022-02-22,82.25,82.25,81.35,81.75,6428957
2022-02-23,81.75,82.05,81.6,81.85,1920524
2022-02-24,81.15,81.15,79.9,79.9,11229273
2022-02-25,79.95,80.2,79.5,79.85,6759117
2022-03-01,80.2,81.15,80.05,80.8,4518463
2022-03-02,80.7,80.7,80.15,80.45,2298356
2022-03-03,80.8,80.95,80.5,80.55,1724446
2022-03-04,80.0,80.0,79.5,79.7,5764680
2022-03-07,79.0,79.0,77.7,78.45,14708092
2022-03-08,76.6,76.8,75.85,75.9,16547730
2022-03-09,76.15,76.75,76.15,76.3,5925727
2022-03-10,77.95,78.6,77.9,78.5,3999023
2022-03-11,78.3,78.3,77.35,77.55,3459326
2022-03-14,77.85,78.0,77.1,77.3,4128122
2022-03-15,76.75,76.75,75.7,75.85,8273097
2022-03-16,76.6,76.65,75.65,76.1,6668110
2022-03-17,77.95,78.65,77.75,78.6,3574409
2022-03-18,78.6,78.6,78.0,78.3,1817532
2022-03-21,78.7,79.2,78.7,78.8,2768400
2022-03-22,78.8,78.85,78.5,78.7,2387959
2022-03-23,79.2,79.7,79.2,79.55,2573976
2022-03-24,79.3,79.55,79.0,79.45,1170873
2022-03-25,79.45,79.7,79.4,79.65,1503612
2022-03-28,78.95,78.95,78.15,78.75,4779907
2022-03-29,78.7,79.1,78.65,78.85,1227422
2022-03-30,79.85,79.9,79.55,79.75,2016486
2022-03-31,79.8,79.9,79.55,79.6,1153882
2022-04-01,78.7,78.95,78.5,78.95,1613692
2022-04-06,78.15,78.65,77.8,78.55,4326561
2022-04-07,77.75,78.0,77.25,77.3,5246569
2022-04-08,77.35,77.5,77.1,77.35,2646651
2022-04-11,77.3,77.35,76.25,76.35,5187345
2022-04-12,76.05,76.65,75.7,76.3,4372818
2022-04-13,76.7,77.8,76.7,77.7,2214594
2022-04-14,77.95,77.95,77.45,77.5,1481171
2022-04-15,76.55,76.65,76.15,76.15,4574661
2022-04-18,75.7,76.2,75.5,75.65,6198798
2022-04-19,76.0,76.6,76.0,76.0,1700299
2022-04-20,76.4,76.45,75.9,76.35,2055016
2022-04-21,76.65,76.95,76.35,76.35,1506637
2022-04-22,75.5,75.95,75.4,75.95,3248843
2022-04-25,74.7,74.8,74.2,74.45,8171949
2022-04-26,74.55,74.8,74.2,74.4,4917922
2022-04-27,73.1,73.2,72.7,72.8,8326281
2022-04-28,73.2,73.4,72.55,73.25,3461004
2022-04-29,74.5,74.6,73.9,74.25,5840140
2022-05-03,74.3,74.3,73.4,73.5,3475791
2022-05-04,73.6,74.0,73.55,73.65,2397011
2022-05-05,74.7,74.95,74.2,74.4,1943948
2022-05-06,72.85,73.15,72.6,73.0,6002010
2022-05-09,72.1,72.15,71.7,71.7,4692983
2022-05-10,70.7,71.55,70.1,71.5,5586236
2022-05-11,71.45,71.8,71.1,71.5,2149201
2022-05-12,71.0,71.0,69.8,69.8,6138867
2022-05-13,70.05,70.55,70.0,70.5,2109657
2022-05-16,71.3,71.5,70.6,70.8,3611414
2022-05-17,71.0,71.7,71.0,71.55,1587949
2022-05-18,72.3,72.65,72.0,72.35,2349872
2022-05-19,71.2,71.25,70.7,71.1,2949149
2022-05-20,71.25,72.0,71.25,71.85,1102962
2022-05-23,72.05,72.4,71.65,72.0,1446626
2022-05-24,72.0,72.05,71.1,71.1,1385238
2022-05-25,71.45,71.85,71.15,71.6,1118539
2022-05-26,71.95,72.0,70.75,70.75,3232215
2022-05-27,71.45,72.3,71.45,72.3,1302678
2022-05-30,73.1,74.0,73.1,73.95,1796282
2022-05-31,73.9,74.5,73.4,74.5,1998607
2022-06-01,74.4,75.0,74.3,74.4,2944300
2022-06-02,73.8,73.95,73.5,73.7,1727853
2022-06-06,73.7,74.45,73.4,74.2,3057495
2022-06-07,73.55,73.65,73.1,73.35,2132952
2022-06-08,74.0,74.55,74.0,74.2,1444469
2022-06-09,73.85,74.1,73.7,73.95,802216
2022-06-10,73.0,73.45,72.8,73.35,1579519
2022-06-13,71.6,71.65,71.3,71.35,4192493
2022-06-14,70.75,71.3,70.4,71.25,3282561
2022-06-15,71.05,71.25,70.8,70.8,2724748
2022-06-16,71.6,72.05,70.55,70.6,4025822
2022-06-17,69.85,70.0,69.5,69.8,5578326
2022-06-20,69.8,69.85,69.0,69.0,5585966
2022-06-21,69.55,70.25,69.35,70.25,1913635
2022-06-22,70.0,70.0,68.8,68.8,3929969
2022-06-23,68.8,69.2,67.6,67.8,5727731
2022-06-24,68.35,68.7,67.9,68.0,1835332
2022-06-27,69.0,70.0,69.0,69.5,3315948
2022-06-28,69.45,69.45,68.7,69.0,1544757
2022-06-29,68.25,68.9,68.25,68.3,2329554
2022-06-30,67.8,67.8,66.6,66.75,5897564
2022-07-01,66.65,66.65,64.45,64.45,9915382
2022-07-04,64.45,64.75,63.5,63.65,6544410
2022-07-05,64.9,65.05,63.0,64.15,6092091
2022-07-06,64.15,64.25,62.95,63.1,5358434
2022-07-07,63.4,65.05,62.9,64.85,2487790
2022-07-08,65.9,65.95,65.1,65.55,2989647
2022-07-11,65.65,65.85,64.85,65.05,2063646
2022-07-12,64.7,64.7,63.25,63.5,3055454
2022-07-13,65.65,65.75,65.15,65.6,4589020
2022-07-14,65.3,66.15,64.7,65.8,4001657
2022-07-15,66.2,66.9,65.85,66.8,4256274
2022-07-18,66.2,66.2,65.55,65.75,5565479
2022-07-19,65.55,65.9,65.25,65.8,2693823
2022-07-20,66.95,66.95,65.95,66.0,2557846
2022-07-21,66.2,66.95,66.05,66.95,1687941
2022-07-22,67.2,67.4,66.85,67.25,2155687
2022-07-25,66.95,67.4,66.7,67.2,2105881
2022-07-26,67.1,67.15,66.4,66.55,3777251
2022-07-27,66.55,67.1,66.15,67.1,1555920
2022-07-28,68.0,68.0,67.3,67.3,2309445
2022-07-29,68.05,68.2,67.65,67.9,2269434
2022-08-01,67.9,67.9,67.35,67.7,2419077
2022-08-02,66.95,67.0,66.2,66.6,5096254
2022-08-03,66.6,66.95,66.45,66.9,2222829
2022-08-04,67.0,67.2,66.3,67.1,2542205
2022-08-05,67.9,68.75,67.85,68.75,2427189
2022-08-08,68.5,68.65,68.1,68.6,3561980
2022-08-09,68.1,68.75,67.85,68.45,2954754
2022-08-10,67.85,68.0,67.7,67.8,2291842
2022-08-11,69.0,69.3,68.75,69.05,2711118
2022-08-12,69.2,69.65,69.2,69.55,2171595
2022-08-15,69.9,70.25,69.75,70.2,2858909
2022-08-16,70.25,70.4,70.1,70.25,3227733
2022-08-17,70.25,70.4,70.1,70.4,1711898
2022-08-18,70.0,70.0,69.6,69.8,2611457
2022-08-19,69.95,70.3,69.6,69.95,1707612
2022-08-22,69.4,69.4,68.9,68.95,3740079
2022-08-23,68.35,68.5,68.05,68.1,3831318
2022-08-24,68.2,68.5,67.75,67.9,2648580
2022-08-25,68.4,68.65,68.2,68.5,1613515
2022-08-26,69.0,69.2,68.8,68.85,3490076
2022-08-29,66.95,67.45,66.8,67.25,7201933
2022-08-30,67.2,67.5,66.95,67.25,4586003
2022-08-31,66.9,67.75,66.65,67.7,2633270
2022-09-01,66.55,66.6,66.15,66.3,7517510
2022-09-02,66.35,66.35,65.7,65.7,5374692
2022-09-05,65.75,66.05,65.45,65.7,3403828
2022-09-06,66.1,66.4,65.75,66.1,3599171
2022-09-07,65.25,65.25,64.65,64.65,6473575
2022-09-08,65.1,65.1,64.7,65.0,2871165
2022-09-12,66.05,66.55,66.05,66.35,2426394
2022-09-13,66.7,66.9,66.55,66.7,2196179
2022-09-14,65.2,65.6,65.0,65.4,3624672
2022-09-15,65.4,65.8,65.2,65.5,2249629
2022-09-16,64.95,65.0,64.75,64.85,4984145
2022-09-19,65.1,65.1,64.4,64.45,3656188
2022-09-20,64.8,65.15,64.6,65.0,1939721
2022-09-21,64.8,64.85,64.45,64.5,2936736
2022-09-22,63.7,63.75,63.1,63.7,6071021
2022-09-23,63.5,63.55,63.0,63.0,6443440
2022-09-26,62.35,62.35,61.65,61.8,10819997
2022-09-27,62.0,62.1,61.5,61.7,4149383
2022-09-28,61.85,61.85,60.4,60.4,7657275
2022-09-29,60.9,61.15,60.0,60.2,4739618
2022-09-30,59.5,59.7,59.2,59.35,5481337
2022-10-03,58.9,59.5,58.6,58.7,5464093
2022-10-04,60.0,60.2,59.8,60.05,3304969
2022-10-05,61.15,62.0,61.15,61.55,3912075
2022-10-06,61.95,62.15,61.75,62.0,4319465
2022-10-07,61.7,61.7,60.95,60.95,3491532
2022-10-11,58.8,58.8,57.85,57.9,12798969
2022-10-12,57.8,57.85,57.2,57.55,5521697
2022-10-13,57.75,57.75,56.85,56.85,5566206
2022-10-14,58.3,58.8,58.15,58.45,4302315
2022-10-17,57.45,57.55,56.95,57.3,6176863
2022-10-18,58.35,58.35,57.45,58.0,3141314
2022-10-19,58.0,58.1,57.25,57.25,4351582
2022-10-20,56.55,57.1,55.95,57.1,4567276
2022-10-21,57.1,57.35,56.7,56.75,2330171
2022-10-24,57.85,57.85,56.75,56.75,3659309
2022-10-25,56.65,56.65,55.5,55.5,6434226
2022-10-26,55.75,56.35,55.55,56.15,4412594
2022-10-27,56.65,57.1,56.65,56.9,2139665
2022-10-28,56.65,56.65,55.9,56.2,3859378
2022-10-31,56.85,57.2,56.35,56.95,2751845
2022-11-01,56.9,57.55,56.85,57.25,2897357
2022-11-02,57.3,57.55,57.15,57.5,1722854
2022-11-03,56.7,56.9,56.55,56.8,3503539
2022-11-04,56.5,56.9,56.1,56.9,1987889
2022-11-07,57.5,58.05,57.25,57.85,4730488
2022-11-08,58.3,58.65,58.25,58.5,2760872
2022-11-09,59.1,60.05,59.0,60.0,3982379
2022-11-10,59.6,59.75,59.3,59.45,2907440
2022-11-11,62.4,62.55,61.9,62.55,6562540
2022-11-14,62.95,63.5,62.85,63.25,4421110
2022-11-15,64.0,65.95,64.0,65.8,8089095
2022-11-16,65.45,65.55,64.35,64.7,7494297
2022-11-17,64.3,64.75,63.8,64.7,3014616
2022-11-18,65.05,65.5,64.5,64.55,3017077
2022-11-21,64.6,64.85,64.2,64.25,2019067
2022-11-22,64.2,64.9,63.85,64.85,1692544
2022-11-23,65.2,65.5,65.05,65.3,2282007
2022-11-24,65.45,65.9,65.45,65.9,3020611
2022-11-25,65.9,66.05,65.7,65.8,3068386
2022-11-28,65.1,65.1,64.4,64.7,4689298
2022-11-29,64.25,65.2,63.95,65.1,2744984
2022-11-30,65.0,65.75,64.95,65.75,2034023
2022-12-01,67.0,67.45,66.6,66.75,3941315
2022-12-02,66.5,66.6,66.05,66.3,2142234
2022-12-05,66.35,66.9,66.25,66.25,2622463
2022-12-06,66.05,66.05,65.2,65.2,4733894
2022-12-07,64.95,65.55,64.6,64.75,2484091
2022-12-08,64.7,64.7,63.65,64.0,3109838
2022-12-09,64.5,65.2,64.45,64.95,1715787
2022-12-12,64.8,64.8,64.1,64.5,2169603
2022-12-13,64.7,64.8,64.0,64.15,2612160
2022-12-14,64.3,65.1,64.3,65.0,1508653
2022-12-15,64.8,65.05,64.5,65.05,1693016
2022-12-16,63.95,64.2,63.5,63.9,5372227
2022-12-19,63.65,63.9,63.4,63.6,2235284
2022-12-20,63.6,63.7,62.5,62.5,4337861
2022-12-21,62.9,63.05,62.55,62.65,1679826
2022-12-22,63.0,63.75,63.0,63.7,1251116
2022-12-23,62.85,62.95,62.6,62.8,2831221
2022-12-26,62.95,63.05,62.75,62.95,2846028
2022-12-27,63.0,63.5,63.0,63.1,1653607
2022-12-28,62.6,62.6,61.9,62.1,4114593
2022-12-29,61.9,61.9,61.4,61.85,3358138
2022-12-30,62.4,62.6,62.1,62.1,2115281
2023-01-03,61.8,62.7,61.35,62.6,3480749
2023-01-04,62.4,62.7,62.25,62.35,3264730
2023-01-05,62.7,63.15,62.6,62.8,2068209
2023-01-06,62.8,63.45,62.75,63.2,3468263
2023-01-09,64.2,65.3,64.2,65.25,4601719
2023-01-10,65.6,65.8,65.4,65.75,4288405
2023-01-11,65.9,66.0,65.45,65.6,1923173
2023-01-12,65.9,65.9,65.4,65.55,1773986
2023-01-13,66.5,67.05,66.15,66.3,5331887
2023-01-16,66.6,67.05,66.6,66.85,5341268
2023-01-17,66.8,66.85,66.55,66.75,2773117
2023-01-30,69.3,70.0,69.3,69.75,8668336
2023-01-31,69.7,69.7,68.55,68.6,4977054
2023-02-01,68.8,69.1,68.55,68.95,2324732
2023-02-02,69.6,69.95,69.4,69.95,4268069
2023-02-03,69.9,70.0,69.45,69.95,4480136
2023-02-06,69.45,69.5,68.9,69.0,6273271
2023-02-07,68.9,69.0,68.55,68.85,2770050
2023-02-08,69.5,69.95,69.4,69.85,2699897
2023-02-09,69.7,69.9,69.55,69.9,1850953
2023-02-10,69.8,70.0,69.75,70.0,2609448
2023-02-13,69.95,69.95,69.3,69.85,2948151
2023-02-14,70.05,70.4,70.05,70.25,2485663
2023-02-15,69.5,69.5,68.8,68.85,5895664
2023-02-16,69.1,69.8,69.1,69.6,3493698
2023-02-17,69.0,69.0,68.55,68.7,3710921
2023-02-20,68.7,69.05,68.4,68.85,2421365
2023-02-21,68.85,68.85,68.55,68.75,1884184
2023-02-22,68.0,68.25,67.75,68.05,3950607
2023-02-23,68.15,69.3,68.15,69.05,1862629
2023-02-24,69.5,69.5,68.7,68.7,2819493
2023-03-01,68.05,69.15,67.75,69.05,5855707
2023-03-02,69.05,69.05,68.45,68.85,2767554
2023-03-03,69.05,69.45,68.95,69.0,2534143
2023-03-06,69.6,69.95,69.35,69.75,5114650
2023-03-07,69.75,70.2,69.6,70.1,4612575
2023-03-08,69.8,69.8,69.35,69.65,3899665
2023-03-09,69.7,69.85,69.5,69.55,2038475
2023-03-10,68.9,68.9,68.4,68.55,5684730
2023-03-13,68.4,68.75,67.85,68.75,6160310
2023-03-14,68.1,68.25,67.85,68.0,4201317
2023-03-15,68.5,68.7,68.0,68.0,2440451
2023-03-16,67.95,68.0,67.5,67.65,6826646
2023-03-17,68.05,68.6,68.05,68.55,2084161
2023-03-20,68.65,68.7,68.15,68.2,3175888
2023-03-21,68.55,68.75,68.4,68.5,1756700
2023-03-22,69.05,69.85,69.05,69.8,3675354
2023-03-23,69.7,70.55,69.65,70.25,4377421
2023-03-24,70.4,70.65,70.25,70.65,3862314
2023-03-27,70.5,70.5,70.0,70.2,3971247
2023-03-28,70.0,70.05,69.45,69.6,3002988
2023-03-29,69.8,70.0,69.45,69.8,1792378
2023-03-30,70.25,70.35,69.8,70.05,3066343
2023-03-31,70.3,70.9,70.25,70.25,3363926
2023-04-06,70.25,70.25,69.6,70.05,6531388
2023-04-07,70.1,70.3,69.95,69.95,2082447
2023-04-10,70.05,70.3,69.95,70.05,2518518
2023-04-11,69.9,70.15,69.75,69.95,2318602
2023-04-12,69.95,69.95,69.55,69.8,2046932
2023-04-13,69.6,69.6,69.2,69.2,4546011
2023-04-14,69.5,70.0,69.35,69.85,2397530
2023-04-17,69.85,69.85,69.4,69.75,4972958
2023-04-18,69.75,69.75,69.35,69.5,2781217
2023-04-19,69.5,69.6,68.9,69.0,4753612
2023-04-20,68.8,69.1,68.65,68.9,3980180
2023-04-21,69.05,69.3,68.65,68.7,3379062
2023-04-24,68.45,68.6,68.2,68.45,4157678
2023-04-25,68.45,68.45,67.55,67.6,10337913
2023-04-26,67.6,67.6,66.95,67.05,10264298
2023-04-27,67.1,67.45,66.9,67.2,5255205
2023-04-28,67.6,68.05,67.6,67.95,3196928
2023-05-02,68.0,68.25,67.75,68.05,3498125
2023-05-03,67.85,67.95,67.6,67.85,3721688
2023-05-04,67.75,68.05,67.55,67.95,1883940
2023-05-05,68.05,68.3,67.95,68.2,1817661
2023-05-08,68.5,68.8,68.4,68.6,5000323
2023-05-09,68.7,68.8,68.45,68.8,2305571
2023-05-10,68.7,68.75,68.1,68.3,2729190
2023-05-11,68.4,68.5,68.0,68.0,2182297
2023-05-12,67.8,67.95,67.6,67.8,2806060
2023-05-15,67.7,67.85,67.6,67.8,4544734
2023-05-16,68.2,68.8,68.2,68.6,3212187
2023-05-17,68.7,69.85,68.7,69.65,4804288
2023-05-18,70.15,70.6,70.15,70.55,6114895
2023-05-19,70.7,70.95,70.45,70.7,7897298
2023-05-22,70.7,70.8,70.5,70.65,3027152
2023-05-23,70.65,70.85,70.35,70.65,3329172
2023-05-24,70.55,70.55,70.0,70.3,3112088
2023-05-25,70.85,71.25,70.75,71.05,3040400
2023-05-26,71.65,72.75,71.65,72.7,10263961
2023-05-29,73.1,73.8,72.95,73.05,7384106
2023-05-30,73.0,73.25,72.95,73.2,5232085
2023-05-31,73.15,73.15,72.3,72.8,4222258
2023-06-01,72.3,72.45,72.05,72.2,3566755
2023-06-02,72.7,73.25,72.65,73.1,3117170
2023-06-05,73.1,73.15,72.8,72.9,4457807
2023-06-06,72.9,73.45,72.85,73.15,5005576
2023-06-07,73.4,74.0,73.4,73.95,2866366
2023-06-08,73.9,74.0,73.0,73.25,3044823
2023-06-09,73.4,73.95,73.4,73.9,1888210
2023-06-12,74.1,74.65,74.1,74.45,3101074
2023-06-13,75.3,76.1,75.25,76.0,7041060
2023-06-14,75.9,75.9,75.55,75.85,2350938
2023-06-15,75.85,76.3,75.85,76.15,4615047
2023-06-16,76.1,76.15,75.75,75.9,4174155
2023-06-19,75.75,75.95,75.5,75.85,3104988
2023-06-20,75.8,75.85,75.35,75.4,3240664
2023-06-21,75.3,75.65,75.2,75.45,5687644
2023-06-26,75.15,75.25,74.85,75.0,5395549
2023-06-27,74.75,75.0,74.5,74.75,3612708
2023-06-28,75.0,75.2,74.55,74.65,3815448
2023-06-29,75.0,75.5,74.55,74.65,3061847
2023-06-30,74.55,74.75,74.15,74.75,3988451
2023-07-03,75.1,75.7,75.1,75.6,3253398
2023-07-04,75.6,75.9,75.55,75.9,2852508
2023-07-05,75.95,76.0,75.45,75.6,3375095
2023-07-06,74.9,74.95,74.05,74.25,8430463
2023-07-07,73.95,74.35,73.65,74.0,4198045
2023-07-10,74.0,74.55,73.7,73.8,4051042
2023-07-11,74.2,74.85,74.2,74.85,2085066
2023-07-12,74.85,74.95,74.6,74.95,3050938
2023-07-13,75.7,76.3,75.65,75.75,4128636
2023-07-14,76.0,76.45,76.0,76.3,3402785
2023-07-17,76.3,76.6,76.25,76.45,5284316
2023-07-18,75.65,75.65,74.95,75.0,6691829
2023-07-19,75.1,75.4,74.6,74.7,3701806
2023-07-20,74.7,74.95,74.6,74.7,1895360
2023-07-21,73.6,73.7,73.1,73.6,6467142
2023-07-24,73.55,73.9,73.3,73.7,4099906
2023-07-25,73.75,74.7,73.75,74.5,4136482
2023-07-26,74.7,74.75,74.25,74.4,5292438
2023-07-27,74.7,74.95,74.6,74.75,2585457
2023-07-28,74.75,75.0,74.55,74.8,2915346
2023-07-31,75.3,75.5,74.15,74.5,3195969
2023-08-01,74.5,74.9,74.45,74.85,2494669
2023-08-02,74.8,74.85,73.75,74.0,7966921
2023-08-04,73.65,73.75,73.35,73.6,6122227
2023-08-07,73.7,74.35,73.7,74.1,5240497
2023-08-08,74.1,74.1,73.15,73.4,5970487
2023-08-09,73.4,73.8,73.1,73.5,2965598
2023-08-10,73.35,73.35,72.9,73.1,6056813
2023-08-11,73.3,73.6,72.9,72.95,4370896
2023-08-14,72.6,72.65,71.75,72.05,11850583
2023-08-15,72.35,72.5,71.95,72.1,3988525
2023-08-16,71.8,71.9,71.4,71.8,9347923
2023-08-17,71.35,72.1,71.0,71.9,4684545
2023-08-18,71.8,72.15,71.4,71.55,4089630
2023-08-21,71.75,72.0,71.15,71.3,3815824
2023-08-22,71.8,71.85,71.45,71.65,1856207
2023-08-23,71.7,72.3,71.7,72.2,2771919
2023-08-24,73.05,73.5,73.0,73.4,4085260
2023-08-25,72.65,72.65,72.05,72.15,3310448
2023-08-28,72.15,72.8,72.15,72.4,3644646
2023-08-29,72.5,72.75,72.15,72.75,2462606
2023-08-30,73.2,73.5,73.05,73.1,1505944
2023-08-31,73.1,73.1,72.5,72.6,2233544
2023-09-01,72.55,72.95,72.4,72.7,2396450
2023-09-04,72.65,73.25,72.5,73.2,2774456
2023-09-05,73.1,73.15,72.85,73.1,1854346
2023-09-06,73.1,73.35,72.8,72.85,4417417
2023-09-07,72.55,72.55,72.1,72.2,2830623
2023-09-08,71.95,72.0,71.65,71.9,3312832
2023-09-11,71.9,72.0,71.4,71.65,4768636
2023-09-12,71.75,72.2,71.45,72.2,1866579
2023-09-13,72.25,72.5,72.05,72.25,2034100
2023-09-14,72.5,73.25,72.5,73.25,1863783
2023-09-15,73.25,73.55,73.2,73.5,3042749
2023-09-18,73.2,73.25,72.75,72.8,5291958
2023-09-19,72.8,72.85,72.5,72.5,2086765
2023-09-20,72.35,72.4,72.0,72.05,3191751
2023-09-21,71.55,71.55,71.0,71.1,8439349
2023-09-22,70.85,71.0,70.5,70.9,4674921
2023-09-25,70.95,71.55,70.95,71.45,2498781
2023-09-26,71.2,71.2,70.55,70.6,6371468
2023-09-27,70.5,70.7,70.25,70.6,3087200
2023-09-28,71.15,71.15,70.55,70.85,2844996
2023-10-02,71.45,71.9,71.45,71.8,2472166
2023-10-03,71.8,71.8,71.35,71.45,2725764
2023-10-04,70.65,70.7,70.2,70.55,4578147
2023-10-05,70.9,71.45,70.85,71.4,2255383
2023-10-06,71.75,71.9,71.65,71.75,3638338
2023-10-11,72.7,73.0,72.55,72.85,3603402
2023-10-12,73.0,73.45,72.9,73.45,3479476
2023-10-13,73.25,73.5,73.05,73.3,2529327
2023-10-16,73.05,73.05,72.7,72.9,4252481
2023-10-17,73.2,73.35,72.9,72.9,2037846
2023-10-18,72.75,72.75,72.0,72.1,3878155
2023-10-19,71.6,72.4,71.6,72.25,2162843
2023-10-20,72.1,72.5,71.7,72.35,3923302
2023-10-23,72.15,72.15,71.5,71.55,3678155
2023-10-24,71.5,71.6,70.95,71.6,3686590
2023-10-25,71.7,72.25,71.7,71.7,3866208
2023-10-26,70.55,70.8,70.35,70.55,8899096
2023-10-27,70.6,70.95,70.6,70.65,2995809
2023-10-30,70.65,71.0,70.35,70.55,5387758
2023-10-31,70.7,70.75,70.0,70.1,6041085
2023-11-01,70.45,70.6,70.1,70.3,2971181
2023-11-02,71.15,72.0,71.05,72.0,3153313
2023-11-03,72.3,72.45,72.1,72.4,3080155
2023-11-06,73.0,73.4,72.9,73.05,5490434
2023-11-07,73.0,73.1,72.8,73.0,2128516
2023-11-08,72.95,73.5,72.95,73.35,4186068
2023-11-09,73.25,73.55,73.15,73.45,3631326
2023-11-10,73.2,73.25,73.0,73.15,3370252
2023-11-13,74.65,74.9,74.1,74.25,6269040
2023-11-14,74.5,74.7,74.35,74.5,4079596
2023-11-15,75.3,75.5,74.9,75.3,6113721
2023-11-16,74.75,74.9,74.35,74.6,4445143
2023-11-17,74.6,75.0,74.55,74.75,3933977
2023-11-20,74.75,74.85,74.45,74.65,3678024
2023-11-21,75.05,75.6,75.05,75.55,5541603
2023-11-22,75.15,75.15,74.75,75.0,2307907
2023-11-23,75.0,75.05,74.6,74.9,1826942
2023-11-24,75.0,75.05,74.8,74.85,1732037
2023-11-27,74.85,75.15,74.2,74.2,5700089
2023-11-28,74.25,75.15,74.25,74.85,2324189
2023-11-29,75.0,75.35,74.75,74.8,2472045
2023-11-30,74.9,74.95,74.5,74.95,1906009
2023-12-01,74.8,75.05,74.65,75.05,2589400
2023-12-04,75.25,75.35,74.65,74.9,2487860
2023-12-05,74.55,74.55,74.05,74.4,3910208
2023-12-06,74.4,74.95,74.4,74.6,4483506
2023-12-07,74.45,74.55,74.2,74.2,1808004
2023-12-08,74.9,75.05,74.6,74.65,2371858
2023-12-11,74.7,74.9,74.55,74.8,2059809
2023-12-12,75.2,75.3,74.85,74.95,2245642
2023-12-13,75.05,75.15,74.95,75.05,2461736
2023-12-14,75.7,76.0,75.55,75.8,7548095
2023-12-15,76.15,76.3,75.95,76.05,7959466
2023-12-18,76.05,76.15,75.6,76.1,5213710
2023-12-19,76.1,76.25,75.7,75.95,3215022
2023-12-20,76.1,76.25,76.0,76.1,2634212
2023-12-21,75.4,75.6,75.25,75.5,2079116
2023-12-22,75.7,75.85,75.55,75.65,3401219
2023-12-25,75.8,76.15,75.8,76.0,3215054
2023-12-26,76.1,76.4,76.05,76.4,5113239
2023-12-27,76.65,77.15,76.6,77.1,6955691
2023-12-28,77.1,77.25,76.9,77.2,4991107
2023-12-29,77.15,77.35,77.0,77.15,2560485
2024-01-02,77.15,77.35,76.7,76.9,3177578
2024-01-03,76.25,76.25,75.4,75.6,7168631
2024-01-04,75.6,75.8,75.45,75.55,3209891
2024-01-05,75.55,75.8,75.25,75.35,3077836
2024-01-08,75.6,76.2,75.6,75.9,4347319
2024-01-09,76.25,76.4,75.8,75.85,2371235
2024-01-10,75.55,75.7,75.3,75.55,3189455
2024-01-11,75.75,76.0,75.55,75.9,2251058
2024-01-12,75.65,75.95,75.3,75.7,3642660
2024-01-15,76.0,76.2,75.75,75.95,3988222
2024-01-16,75.45,75.65,74.85,75.2,7494224
2024-01-17,75.2,75.2,74.55,74.7,6174963
2024-01-18,74.8,75.15,74.75,75.0,3087141
2024-01-19,76.45,77.55,76.45,77.5,10352329
2024-01-22,77.95,78.25,77.65,77.9,5688258
2024-01-23,78.05,78.25,77.8,78.15,4810225
2024-01-24,78.25,78.4,78.1,78.2,3155458
2024-01-25,78.6,79.15,78.6,79.1,7262986
2024-01-26,79.05,79.3,78.9,79.1,8548894
2024-01-29,79.1,79.6,79.1,79.6,3397320
2024-01-30,79.55,79.65,79.35,79.45,3712851
2024-01-31,79.0,79.0,78.35,78.45,4409856
2024-02-01,78.4,78.5,77.95,78.45,4093052
2024-02-02,78.85,79.0,78.65,78.95,3019733
2024-02-05,78.95,79.55,78.85,79.55,3929053
2024-02-15,82.8,83.9,82.45,82.95,13178500
2024-02-16,82.95,83.05,82.45,82.5,5233147
2024-02-19,82.45,82.45,82.05,82.4,4017881
2024-02-20,82.3,82.95,82.2,82.7,3655803
2024-02-21,82.6,82.65,82.35,82.4,2269721
2024-02-22,83.0,83.4,82.8,83.35,4862399
2024-02-23,83.8,84.1,83.7,83.9,5251470
2024-02-26,83.9,84.2,83.55,84.15,4540068
2024-02-27,84.15,84.25,83.3,83.85,4005784
2024-02-29,83.65,84.1,83.45,83.95,3787694
2024-03-01,84.0,84.2,83.65,83.7,4276138
2024-03-04,84.85,85.95,84.85,85.85,6353974
2024-03-05,86.2,86.8,86.05,86.65,5428272
2024-03-06,85.9,87.2,85.65,87.15,7904785
2024-03-07,88.1,89.3,88.05,88.95,7030572
2024-03-08,91.0,91.2,89.3,90.1,10853855
2024-03-11,89.7,90.0,89.15,89.3,6332525
2024-03-12,89.15,90.2,88.95,90.2,4016333
2024-03-13,90.7,91.3,90.55,90.8,5253205
2024-03-14,90.8,90.95,90.05,90.55,3565540
2024-03-15,90.0,90.35,89.75,89.8,3870374
2024-03-18,89.7,90.3,89.55,90.3,5862179
2024-03-19,89.85,90.4,89.5,90.3,4041373
2024-03-20,90.3,90.7,89.6,89.9,4320679
2024-03-21,90.85,92.05,90.85,92.0,5537684
2024-03-22,92.0,92.4,91.5,92.05,4618507
2024-03-25,92.25,92.45,91.75,92.1,4176903
2024-03-26,92.2,93.05,91.4,92.2,7046459
2024-03-27,92.25,92.35,91.8,92.25,4612570
2024-03-28,92.1,92.15,91.15,91.8,3327887
2024-03-29,91.8,92.4,91.8,92.25,2969323
2024-04-01,92.5,92.75,91.85,91.85,3586229
2024-04-02,92.5,93.3,92.5,93.2,3622754
2024-04-03,92.8,92.95,92.15,92.8,4244176
2024-04-08,92.8,93.5,92.7,93.1,5585214
2024-04-09,93.3,95.45,93.3,95.45,4412726
2024-04-10,95.45,95.5,95.0,95.35,3423259
2024-04-11,94.8,95.0,94.4,94.95,4529379
2024-04-12,94.95,95.2,94.65,94.8,3164157
2024-04-15,94.15,94.3,93.4,93.8,7364143
2024-04-16,92.65,92.75,90.75,91.3,15157067
2024-04-17,91.35,92.6,91.35,92.35,3462093
2024-04-18,91.95,93.05,91.25,93.05,3879743
2024-04-19,90.55,90.55,88.0,88.5,26464443
2024-04-22,88.1,88.9,87.7,88.0,8800869
2024-04-23,89.2,89.25,88.55,88.75,4338099
2024-04-24,90.0,91.6,90.0,91.4,4582194
2024-04-25,90.45,90.5,89.75,89.95,4784494
2024-04-26,91.1,91.85,91.0,91.35,4777492
2024-04-29,91.9,93.05,91.9,92.75,4313471
2024-04-30,92.9,93.3,92.7,92.7,2819289
2024-05-02,92.2,92.2,91.3,91.5,4186743
2024-05-03,93.0,93.0,91.6,92.0,2590821
2024-05-06,93.0,93.8,93.0,93.3,5284601
2024-05-07,93.7,93.95,93.3,93.75,3031882
2024-05-08,93.7,94.15,93.45,94.1,2584087
2024-05-09,94.1,94.45,93.9,94.0,2595821
2024-05-10,94.45,94.95,94.05,94.75,3080461
2024-05-13,95.65,96.0,95.35,95.4,4778518
2024-05-14,95.3,96.15,95.2,96.15,3000162
2024-05-15,96.65,98.2,96.65,97.5,4660747
2024-05-16,98.7,99.3,97.85,98.1,8278182
2024-05-17,98.1,98.2,97.65,97.8,3808558
2024-05-20,97.9,98.0,96.75,97.65,5955411
2024-05-21,97.6,97.75,97.05,97.6,2800978
2024-05-22,97.75,99.55,97.75,99.5,4294323
2024-05-23,99.9,100.3,99.55,100.2,5563800
2024-05-24,99.5,100.05,99.0,99.9,3815788
2024-05-27,100.5,101.55,100.5,101.1,6226608
2024-05-28,101.1,101.45,100.9,101.15,4566300
2024-05-29,100.95,100.95,99.9,100.05,6260867
2024-05-30,98.65,99.0,98.3,98.3,10044194
2024-05-31,98.5,99.0,97.5,97.5,8899329
2024-06-03,99.0,99.5,98.1,99.15,7667184
2024-06-04,98.95,98.95,97.6,97.8,7419437
2024-06-05,97.9,99.0,97.3,98.75,4990911
2024-06-06,101.45,102.25,101.1,101.8,10253934
2024-06-07,101.5,101.5,100.85,101.05,3598888
2024-06-11,101.4,102.0,101.15,101.3,6226205
2024-06-12,101.3,103.25,101.3,103.15,6418894
2024-06-13,104.75,105.65,103.9,104.55,8280410
2024-06-14,104.5,105.25,103.9,105.25,6196709
2024-06-17,105.2,105.65,104.75,105.2,6361938
2024-06-18,106.4,107.25,106.4,106.95,5623222
2024-06-19,107.5,110.6,107.5,110.25,12967082
2024-06-20,110.25,110.95,110.0,110.85,7712982
2024-06-21,109.9,110.6,109.45,110.0,13669015
2024-06-24,108.9,109.0,107.55,107.6,11140916
2024-06-25,106.9,107.6,105.85,107.45,9020732
2024-06-26,108.25,108.95,107.9,108.45,9604648
2024-06-27,107.5,108.4,107.4,108.25,5569700
2024-06-28,108.25,109.65,108.15,109.2,5908317
2024-07-01,109.25,110.2,109.2,109.4,7421115
2024-07-02,109.05,109.5,108.2,108.6,6631532
2024-07-03,110.0,110.0,109.2,109.85,5994086
2024-07-04,111.6,112.75,111.6,112.65,9107735
2024-07-05,112.7,112.95,112.3,112.4,7898140
2024-07-08,112.5,116.2,112.5,115.6,14727861
2024-07-09,115.6,117.15,114.5,115.75,17928752
2024-07-10,115.35,116.3,114.35,116.25,11599317
2024-07-11,118.05,119.35,117.5,118.9,15533731
2024-07-12,116.65,116.75,115.35,115.6,23652797
2024-07-15,117.0,117.0,115.3,115.4,13682539
2024-07-16,115.05,116.6,114.7,115.2,17978783
2024-07-17,114.95,115.0,113.4,113.7,13857758
2024-07-18,111.1,111.75,110.15,111.4,18671060
2024-07-19,110.45,110.65,109.0,109.0,15297223
2024-07-22,108.75,108.75,105.4,105.6,22991371
2024-07-23,107.8,108.65,107.35,108.65,10645591
2024-07-26,103.85,105.05,103.6,104.8,24579175
2024-07-29,106.0,106.7,105.2,105.65,8796541
2024-07-30,104.7,106.0,103.9,105.75,11332524
2024-07-31,104.9,105.95,104.5,105.65,6976906
2024-08-01,108.1,108.3,106.75,107.55,7428790
2024-08-02,104.5,104.7,102.4,102.4,25019576
2024-08-05,97.35,97.35,93.55,93.7,57277543
2024-08-06,97.4,99.6,94.35,97.55,46359753
2024-08-07,98.95,101.75,98.85,101.5,17415668
2024-08-08,99.85,100.85,98.9,99.7,16011513
2024-08-09,102.95,103.4,101.85,102.7,9840784
2024-08-12,103.75,104.95,103.5,104.05,9035424
2024-08-13,105.0,105.0,104.15,104.4,6179175
2024-08-14,106.0,106.35,105.4,105.65,9292117
2024-08-15,105.6,105.85,104.85,105.05,7546285
2024-08-16,107.0,107.5,106.75,107.35,10223944
2024-08-19,107.4,108.0,107.15,107.45,5409381
2024-08-20,107.75,108.35,107.35,107.5,5442285
2024-08-21,107.0,107.0,106.2,106.25,5976258
2024-08-22,106.25,106.75,105.55,105.8,3363292
2024-08-23,105.1,106.0,104.9,105.95,4633605
2024-08-26,106.55,107.3,105.75,105.9,6846977
2024-08-27,105.35,105.7,105.0,105.5,3992586
2024-08-28,105.7,106.95,105.15,106.95,4141223
2024-08-29,105.0,106.1,104.7,105.75,6597016
2024-08-30,106.0,106.5,105.75,105.75,4831615
2024-09-02,106.45,106.6,105.55,105.65,5659558
2024-09-03,106.2,106.3,105.15,105.35,4874511
2024-09-04,100.65,101.65,99.6,100.3,35429754
2024-09-05,101.4,102.25,100.55,100.75,7838177
2024-09-06,101.05,102.4,100.55,102.15,6888765
2024-09-09,99.85,100.55,99.6,100.5,16866413
2024-09-10,101.25,101.35,100.1,100.55,7405344
2024-09-11,100.65,100.85,100.3,100.3,6432854
2024-09-12,103.3,104.25,102.9,104.0,7118516
2024-09-13,105.0,105.0,103.85,104.4,4849424
2024-09-16,104.45,105.0,104.25,104.8,5807211
2024-09-18,104.5,104.75,103.4,103.9,5305123
2024-09-19,103.9,105.35,103.6,105.35,4790945
2024-09-20,106.95,107.55,106.6,106.6,8287931
2024-09-23,107.1,107.3,106.7,107.0,4604531
2024-09-24,107.0,108.1,106.45,108.05,6418630
2024-09-25,109.3,109.85,109.25,109.8,7897091
2024-09-26,110.3,111.05,110.3,110.55,9436216
2024-09-27,111.15,111.85,110.2,110.3,7617232
2024-09-30,108.95,109.3,107.5,107.5,14220847
2024-10-01,107.55,107.9,107.1,107.5,7747141
2024-10-04,108.0,108.45,107.05,107.5,7553583
2024-10-07,108.65,110.1,108.65,109.95,11252536
2024-10-08,109.65,109.75,108.6,109.45,10705288
2024-10-09,110.8,111.35,110.7,110.75,8179346
2024-10-11,111.35,112.95,111.2,112.65,9913520
2024-10-14,113.2,113.3,111.85,112.8,12094283
2024-10-15,113.5,115.2,113.45,114.95,10280247
2024-10-16,112.9,114.55,112.3,113.15,17500283
2024-10-17,114.2,114.2,112.45,113.2,9659991
2024-10-18,116.75,117.2,115.45,115.9,17517219
2024-10-21,116.8,117.15,116.0,116.2,9341070
2024-10-22,115.9,115.9,114.55,115.6,12072232
2024-10-23,115.35,115.45,114.55,114.9,13536742
2024-10-24,115.0,115.3,114.0,114.2,11623720
2024-10-25,114.45,115.15,114.45,115.0,5214211
2024-10-28,115.8,116.1,114.35,114.85,16883941
2024-10-29,113.5,113.65,111.7,112.75,29070686
2024-10-30,113.15,113.85,112.05,112.2,16313185
2024-11-01,109.7,111.9,108.5,111.65,24291058
2024-11-04,112.0,113.3,111.8,113.15,9773402
2024-11-05,112.55,113.95,112.3,113.45,12039665
2024-11-06,113.65,116.0,113.45,114.4,16748496
2024-11-07,114.3,116.0,114.0,115.4,13881705
2024-11-08,116.45,116.9,116.35,116.45,11514787
2024-11-11,116.4,116.45,115.2,116.45,13313068
2024-11-12,114.5,114.75,113.7,113.7,26638451
2024-11-13,113.4,113.65,112.9,112.95,14183385
2024-11-14,112.7,112.7,111.6,112.05,16632102
2024-11-15,112.65,113.0,111.85,112.3,10167128
2024-11-18,111.25,111.35,110.15,110.4,19354772
2024-11-19,110.65,111.95,110.4,111.45,9258756
2024-11-20,112.15,112.3,110.55,111.2,12589662
2024-11-21,110.1,110.55,109.6,109.9,17806588
2024-11-22,110.95,112.1,110.95,111.65,8156313
2024-11-25,112.85,112.95,111.35,111.45,12674982
2024-11-26,110.5,110.5,109.5,109.9,18639763
2024-11-27,109.7,109.9,108.5,108.55,17540693
2024-11-28,108.55,108.7,107.7,108.3,15932263
2024-11-29,107.7,108.8,107.05,108.25,11494894
2024-12-02,109.4,111.2,109.35,111.15,7753595
2024-12-03,113.5,113.5,112.3,112.45,10048421
2024-12-04,112.8,113.35,112.55,113.35,7045704
2024-12-05,113.5,114.05,113.4,113.85,7682184
2024-12-06,113.9,114.1,113.1,113.5,9779500
2024-12-09,113.8,113.95,113.5,113.6,6244884
2024-12-10,113.6,114.0,112.9,113.1,8036122
2024-12-11,112.0,112.9,111.7,111.9,11892223
2024-12-12,112.8,113.5,112.7,113.15,6481828
2024-12-13,113.2,113.75,112.75,113.45,5470610
2024-12-16,114.35,114.8,113.7,113.75,9247688
2024-12-17,114.0,114.85,114.0,114.2,6728016
2024-12-18,114.15,114.8,113.45,114.4,6807758
2024-12-19,113.0,113.25,112.4,113.1,19398013
2024-12-20,112.7,112.75,111.5,111.9,15071875
2024-12-23,113.5,114.4,113.0,114.3,9983937
2024-12-24,115.0,115.45,114.5,114.55,9118713
2024-12-25,114.75,115.2,114.55,114.9,5570477
2024-12-26,114.95,115.05,114.85,115.0,5822095
2024-12-27,114.7,115.35,114.5,115.3,6894518
2024-12-30,115.0,115.3,114.65,114.95,7477116
2024-12-31,114.25,114.55,113.7,114.1,7834737
2025-01-02,113.65,113.75,112.25,112.8,20827414
2025-01-03,114.05,114.2,113.35,113.5,7140559
2025-01-06,115.2,117.2,115.1,117.0,21240283
2025-01-07,119.0,119.6,118.25,118.25,17892397
2025-01-08,117.5,117.95,116.45,116.8,9618210
2025-01-09,116.45,116.6,115.25,115.5,11004220
2025-01-10,115.35,115.65,114.7,115.15,11003901
2025-01-13,115.45,115.45,112.65,112.8,33879297
2025-01-14,113.0,113.6,112.8,113.25,10595631
2025-01-15,113.25,113.5,112.45,112.75,18589359
2025-01-16,114.85,115.65,114.35,114.8,16234612
2025-01-17,115.5,115.95,114.2,115.3,10290928
2025-01-20,115.75,116.85,115.75,116.55,13307706
2025-01-21,116.4,117.0,115.85,116.7,7627506
2025-01-22,117.9,118.5,117.85,118.4,12676104
2025-02-03,114.5,114.5,112.55,113.15,72019691
2025-02-04,113.95,114.35,113.5,113.55,13018338
2025-02-05,114.9,116.15,114.9,115.45,11131066
2025-02-06,116.0,116.5,115.75,115.9,8657837
2025-02-07,115.9,116.6,115.8,116.55,6174538
2025-02-10,116.4,116.5,115.15,115.45,13660914
2025-02-11,116.15,116.65,115.8,115.95,3905000
2025-02-12,116.2,116.7,115.8,115.9,5621965
2025-02-13,116.4,116.4,114.9,115.35,11825947
2025-02-14,114.75,114.8,113.9,114.0,22118272
2025-02-17,114.3,115.7,114.3,115.6,8960488
2025-02-18,115.9,116.2,115.45,116.15,6426699
2025-02-19,116.15,116.2,115.45,115.5,10888734
2025-02-20,115.45,115.65,114.7,115.5,9444965
2025-02-21,115.4,116.3,115.2,116.15,5947383
2025-02-24,115.3,115.35,114.85,115.2,8494184
2025-02-25,113.95,114.1,113.25,113.7,23973062
2025-02-26,113.4,114.15,112.95,113.95,13074330
2025-02-27,114.0,114.45,113.1,113.15,13050805
2025-03-03,111.75,112.0,109.95,110.45,47950726
2025-03-04,108.65,109.95,108.5,109.7,19346546
2025-03-05,110.95,111.5,110.7,111.1,10683304
2025-03-06,111.25,111.3,110.2,110.3,12769270
2025-03-07,109.55,109.85,109.2,109.3,10577835
2025-03-10,109.35,109.35,108.35,108.75,13026837
2025-03-11,106.05,106.95,105.3,106.6,25604610
2025-03-12,106.7,108.25,106.7,107.05,7029451
2025-03-13,109.1,109.1,106.35,106.35,9634182
2025-03-14,106.35,106.5,105.5,105.9,8817100
2025-03-17,107.05,107.9,106.7,106.95,8980057
2025-03-18,107.6,108.05,107.1,107.35,4835572
2025-03-19,107.2,107.45,105.85,106.05,8505360
2025-03-20,107.2,108.3,107.2,108.3,6506692
2025-03-21,108.15,108.15,107.3,107.55,3182765
2025-03-24,108.5,108.5,107.15,107.15,5408476
2025-03-25,108.35,109.1,108.0,108.65,5981853
2025-03-26,108.95,109.0,108.1,108.4,7526384
2025-03-27,106.5,106.65,106.1,106.25,11586060
2025-03-28,105.3,105.45,104.6,105.15,16184893
2025-03-31,102.1,102.45,101.35,101.5,32152911
2025-04-01,102.0,103.75,102.0,103.75,9136016
2025-04-02,103.9,104.25,103.35,103.7,7776302
2025-04-07,93.35,93.35,93.35,93.35,23582851
2025-04-08,88.1,92.6,88.1,89.9,59491258
2025-04-09,89.9,90.4,85.1,85.9,42398544
2025-04-10,94.45,94.45,94.45,94.45,3808068
2025-04-11,92.1,96.8,91.1,96.8,21534029
2025-04-14,98.65,98.75,95.9,95.95,21256239
2025-04-15,96.4,97.2,96.0,97.0,7196633
2025-04-16,96.25,96.25,94.8,95.1,13024638
2025-04-17,94.7,94.9,93.55,94.45,7772879
2025-04-18,94.7,95.1,94.4,94.55,4687874
2025-04-21,94.35,94.35,93.05,93.2,9614899
2025-04-22,92.2,92.8,91.6,91.65,10376436
2025-04-23,94.5,96.0,94.4,95.65,8617652
2025-04-24,96.5,96.5,94.85,95.1,6686736
2025-04-25,97.7,98.2,97.3,97.5,8154926
2025-04-28,98.05,98.45,98.0,98.1,8285694
2025-04-29,98.05,98.8,97.85,98.7,6954715
2025-04-30,98.75,99.35,98.45,98.9,6784829
2025-05-02,100.75,102.0,100.75,102.0,9688106
2025-05-05,102.6,102.65,99.6,100.7,13417557
2025-05-06,99.55,100.8,99.25,100.15,10722650
2025-05-07,100.4,100.95,99.45,100.05,7422994
2025-05-08,101.0,101.75,100.6,101.5,5270173
2025-05-09,101.6,102.5,101.3,102.45,6120541
2025-05-12,103.15,103.9,103.15,103.55,6039171
2025-05-13,106.1,106.2,105.05,105.1,8404026
2025-05-14,106.7,107.4,106.6,107.4,9888863
2025-05-15,107.4,107.45,106.8,107.3,6404432
2025-05-16,107.1,107.65,106.9,107.4,5448394
2025-05-19,106.95,107.0,105.9,105.95,4993155
2025-05-20,106.85,107.15,106.0,106.15,3934016
2025-05-21,106.5,107.65,106.45,107.55,6397723
2025-05-22,106.35,106.55,105.9,106.35,5260784
2025-05-23,107.1,107.1,105.65,106.1,2855586
2025-05-26,106.05,106.3,105.65,105.85,7026494
2025-05-27,105.65,105.65,104.55,104.75,6647037
2025-05-28,106.05,106.35,104.75,105.4,3509163
2025-05-29,106.25,106.35,105.25,105.45,3283714
2025-06-02,104.0,104.0,102.9,103.25,9326293
2025-06-03,104.6,105.0,103.8,103.9,4376043
2025-06-04,105.45,106.6,105.3,106.55,6146716
2025-06-05,106.95,107.4,106.7,106.95,6234215
2025-06-06,107.0,107.3,106.75,107.1,7027272
2025-06-09,107.95,108.2,107.55,108.1,8222170
2025-06-10,108.9,111.0,108.9,110.65,17161468
2025-06-11,111.2,112.0,111.1,111.7,15487705
2025-06-12,111.4,111.5,110.95,111.4,6381955
2025-06-13,110.25,110.7,109.45,109.9,11201957
2025-06-16,109.9,110.25,109.35,110.25,10171283
2025-06-17,111.0,111.45,110.5,110.7,7494974
2025-06-18,110.3,111.75,110.2,111.5,12339247
2025-06-19,111.2,111.2,110.3,110.45,6494938
2025-06-20,110.45,110.75,109.5,110.4,6581209
2025-06-23,109.15,109.5,108.5,109.4,8084095
2025-06-24,111.15,111.65,111.0,111.45,10201923
2025-06-25,112.5,113.0,112.25,112.95,13008940
2025-06-26,113.05,113.6,112.8,112.9,15382320
2025-06-27,113.15,113.4,112.6,113.25,14436528
2025-06-30,113.4,113.75,112.8,113.05,22703686
2025-07-01,113.5,115.2,113.5,114.05,20940803
2025-07-02,113.85,114.3,113.5,114.25,4732266
2025-07-03,115.45,115.65,115.25,115.35,15285991
2025-07-04,115.5,115.7,114.25,114.5,5765551
2025-07-07,114.35,114.35,113.3,114.0,8638685
2025-07-08,113.5,113.7,113.05,113.3,6852228
2025-07-09,113.3,114.95,113.2,114.45,7592486
2025-07-10,114.85,115.95,114.8,115.75,13952444
2025-07-11,115.75,116.3,115.5,116.25,10153419
2025-07-14,116.15,116.15,115.25,115.35,5231494
2025-07-15,115.45,117.15,115.45,117.0,11685421
2025-07-16,116.55,117.6,116.55,117.2,14178674
2025-07-17,117.55,117.95,116.8,117.55,11880316
2025-07-18,119.35,119.55,119.05,119.25,20900158
2025-07-21,119.0,119.15,118.4,118.75,11704422
2025-07-22,118.8,119.75,117.75,117.95,17277041
2025-07-23,118.25,118.8,118.0,118.65,14621925
2025-07-24,119.1,119.35,118.8,119.15,9784537
2025-07-25,119.25,119.45,118.8,118.9,9156034
2025-07-28,119.45,119.7,118.9,119.3,9754793
2025-07-29,118.95,118.95,117.4,117.8,12600795
2025-07-30,118.85,119.5,118.6,119.1,14739316
2025-07-31,119.35,120.8,119.35,120.6,13409237
2025-08-01,118.75,119.6,118.6,119.35,8489712
2025-08-04,118.2,118.65,117.75,118.65,10266382
2025-08-05,119.95,120.35,119.6,120.25,7000184
2025-08-06,119.35,119.4,119.0,119.1,4912059
2025-08-07,121.55,123.1,121.5,123.0,15832493
2025-08-08,122.95,123.1,122.65,122.95,8857355
2025-08-11,122.3,124.3,122.0,123.75,10060277
2025-08-12,123.65,124.15,123.1,123.9,8087816
2025-08-13,124.3,125.0,123.95,124.95,9461028
2025-08-14,124.5,124.65,123.8,124.25,5769777
2025-08-15,124.3,124.7,123.75,124.25,6128772
2025-08-18,123.7,124.8,123.6,124.7,5781413
2025-08-19,124.7,124.75,124.2,124.4,3058625
2025-08-20,122.85,122.85,120.5,120.7,13883068
2025-08-21,121.0,121.8,121.0,121.6,4149519
2025-08-22,121.85,121.85,120.7,120.85,5096093
2025-08-25,123.2,123.9,122.5,123.4,8694369
2025-08-26,122.9,123.65,122.4,123.35,4490479
2025-08-27,124.05,124.4,123.85,124.25,6944624
2025-08-28,123.75,123.95,122.9,122.9,6656668
2025-08-29,123.7,123.85,122.65,122.75,7496379
2025-09-01,121.95,122.5,121.0,121.6,5988342
2025-09-02,122.5,122.8,121.4,121.55,6545646
2025-09-03,121.5,121.9,121.0,121.4,6238056
2025-09-04,122.75,123.15,122.05,122.2,9077103
2025-09-05,123.2,123.6,123.0,123.35,7345853
2025-09-08,124.75,125.05,124.4,124.85,10393500
2025-09-09,125.05,126.0,125.0,125.85,10782262
2025-09-10,127.3,128.7,127.25,128.5,15738942
2025-09-11,130.0,130.65,129.3,129.6,14346526
2025-09-12,130.5,130.95,130.4,130.75,11028029
2025-09-15,130.95,131.0,130.25,130.7,10411782
2025-09-16,131.3,132.85,131.25,132.5,11693713
2025-09-17,132.2,132.2,131.45,131.5,6403785
2025-09-18,132.05,132.9,131.5,132.75,3872755
2025-09-19,133.05,133.2,132.1,132.7,3949244
2025-09-22,132.6,133.85,132.4,133.7,5729898
2025-09-23,135.25,136.7,135.05,136.3,9801060
2025-09-24,137.05,137.05,135.55,136.35,7793118
2025-09-25,135.8,136.15,135.5,135.75,7778488
2025-09-26,134.7,134.7,132.6,133.4,8408972
2025-09-30,134.5,135.25,134.5,134.8,8252727
2025-10-01,135.4,137.15,135.35,135.35,9192000
2025-10-02,137.95,138.45,137.5,138.2,9427450
2025-10-03,138.1,140.4,138.1,140.4,9129523
2025-10-07,142.1,144.2,142.1,144.05,9109745
2025-10-08,141.8,142.55,141.5,142.4,4229591
2025-10-09,143.85,144.5,143.5,143.85,9727239
2025-10-13,139.55,142.1,139.55,142.05,12020612
2025-10-14,144.2,145.1,141.8,141.8,12254265
2025-10-15,142.1,144.7,141.75,144.65,8771286
2025-10-16,145.3,147.45,145.1,147.35,12381874
2025-10-17,145.35,145.65,144.9,145.1,10988752
2025-10-20,146.0,147.9,145.5,147.45,10167756
2025-10-21,147.6,148.8,147.6,147.6,6874962
2025-10-22,146.1,147.2,145.7,146.85,8240012
2025-10-23,144.8,146.05,144.5,145.7,6382204
2025-10-27,149.15,149.75,148.9,149.35,11744261
2025-10-28,149.1,149.3,148.15,148.45,5995620
2025-10-29,149.7,151.25,149.7,150.95,4680066
2025-10-30,151.0,151.65,150.05,150.9,4419463
2025-10-31,151.1,151.9,150.95,151.8,3745003
2025-11-03,151.05,151.8,149.8,150.2,9581645
2025-11-04,151.35,152.0,149.7,149.75,5871386
2025-11-05,147.0,147.9,146.0,147.55,13117642
2025-11-06,148.1,148.75,147.95,148.4,8126199
2025-11-07,146.8,146.85,146.0,146.25,7525527
2025-11-10,147.3,148.3,146.85,148.0,10842122
2025-11-11,149.0,149.05,147.1,147.1,5844702
2025-11-12,147.5,148.4,147.1,148.05,8276901
2025-11-13,147.2,147.45,146.65,147.05,4684436
2025-11-14,144.25,144.85,144.0,144.2,12237510
2025-11-17,145.2,145.7,144.75,144.8,8375531
2025-11-18,139.95,140.15,138.0,138.25,16130184
2025-11-19,137.8,138.3,136.9,137.3,8095342
2025-11-20,140.7,141.75,140.4,141.55,6009839
2025-11-21,137.3,137.45,136.05,136.55,14820366
2025-11-24,137.0,137.35,135.9,135.9,7210711
2025-11-25,138.75,139.35,137.5,138.2,4524173
2025-11-26,139.45,140.75,139.45,140.6,5569676
2025-11-27,141.55,142.2,141.1,141.7,4002871
2025-11-28,141.5,142.9,141.45,142.85,3862091
2025-12-01,141.55,141.8,140.55,140.7,4802730
2025-12-02,141.75,142.4,141.05,141.35,1827387
2025-12-03,142.95,143.0,142.15,142.45,3314343
2025-12-04,142.55,142.95,141.95,142.35,2149291
2025-12-05,142.9,143.55,142.7,143.55,3721204
2025-12-08,144.35,145.75,144.2,145.7,5255256
2025-12-09,146.0,146.05,145.45,145.45,3319100
2025-12-10,145.95,146.85,145.7,146.5,5832026
2025-12-11,147.15,147.4,144.55,144.7,4903750
2025-12-12,145.45,145.8,144.75,145.5,2142057
2025-12-15,143.25,143.85,142.85,143.8,8305222
2025-12-16,142.1,142.55,141.4,142.45,8840999
2025-12-17,142.45,143.1,141.8,142.05,2662937
2025-12-18,141.35,142.15,141.0,141.65,5235366
2025-12-19,143.0,143.7,142.8,143.05,5112359
2025-12-22,144.9,145.5,144.65,145.2,4447657
2025-12-23,145.9,146.2,145.6,146.0,2487004
2025-12-24,146.8,146.85,146.05,146.3,2606797
2025-12-26,147.3,147.55,146.7,147.55,7322945
2025-12-29,147.85,149.45,147.8,149.2,9397272
2025-12-30,148.55,149.4,147.9,149.15,6961773
2025-12-31,148.4,150.35,148.35,150.1,11001227
2026-01-02,151.0,153.1,150.5,152.95,8286549
2026-01-05,155.95,160.3,155.75,158.65,19104200
2026-01-06,158.2,160.6,158.0,160.5,10670313
2026-01-07,160.45,160.45,158.9,159.0,8476919
2026-01-08,158.8,160.35,158.35,159.55,11657728
2026-01-09,158.85,160.1,157.15,159.15,9370615
2026-01-12,160.7,160.8,159.7,160.15,7168231
2026-01-13,162.0,162.0,160.2,160.85,6256246
2026-01-14,161.45,162.3,161.0,161.45,5826578
2026-01-15,161.0,161.0,159.8,160.95,5610369
2026-01-16,163.2,164.55,162.35,164.2,9155845
2026-01-19,163.6,166.2,162.9,165.5,5123942
2026-01-20,164.1,165.65,164.0,165.5,3437651
2026-01-21,164.0,165.4,163.55,164.1,7109652
2026-01-22,165.65,166.7,165.55,165.85,2892844
2026-01-23,166.7,167.4,166.0,167.15,2720738
2026-01-26,167.15,168.1,167.0,167.3,4221611
2026-01-27,167.4,169.25,167.4,169.0,2964471
2026-01-28,170.0,171.7,170.0,171.7,3571468
2026-01-29,172.0,172.45,170.0,170.75,4530325
2026-01-30,168.5,168.8,167.35,168.05,6850570
2026-02-02,165.75,166.0,164.0,165.35,10495206
2026-02-03,169.0,169.15,167.7,168.8,5199123
2026-02-04,167.6,169.35,167.45,168.85,2583266
2026-02-05,166.7,167.2,166.1,166.55,4971717
2026-02-06,165.0,167.3,163.9,166.5,6297323
2026-02-09,171.55,171.9,171.0,171.25,6465029
2026-02-10,173.1,174.9,173.0,174.8,5840894
2026-02-11,175.7,179.1,175.7,178.65,5736809
2026-02-23,179.75,181.6,178.8,179.05,9592885
2026-02-24,179.9,184.55,179.9,184.0,5890390
2026-02-25,185.75,189.4,185.75,187.75,6394505
2026-02-26,187.8,188.95,187.05,188.0,4278281
