engine,stock,buy_date,exit_date,entry_price,exit_price,days_held,gross_return_pct,net_return_pct,pnl_twd,exit_reason
main,4162,20221207,20221215,133.0,121.5,8,-8.646616541353383,-7.4425,-6195,stop_loss
main,1795,20221207,20221220,244.0,225.5,13,-7.581967213114754,-7.4425,-6201,stop_loss
main,2338,20221207,20221220,92.6,85.8,13,-7.343412526997837,-7.4425,-6198,stop_loss
backup,3444,20221207,20221220,76.3,66.5,13,-12.844036697247704,-7.4425,-6199,stop_loss
main,3443,20221207,20221228,742.0,636.0,21,-14.285714285714285,-7.4425,-6194,stop_loss
main,4746,20221220,20230104,65.7,69.0,15,5.022831050228306,4.580331050228306,3815,trailing
backup,4763,20221207,20230130,165.5,283.0,54,70.99697885196375,70.55447885196375,58701,hold_period
main,2707,20221220,20230131,250.5,251.0,42,0.19960079840319359,-0.24289920159680642,-202,hold_period
main,6223,20221220,20230131,113.0,124.0,42,9.734513274336283,9.292013274336282,7739,hold_period
main,1513,20221228,20230208,67.0,79.2,42,18.2089552238806,17.7664552238806,14805,hold_period
main,6180,20230201,20230214,73.8,82.8,13,12.195121951219514,11.752621951219513,9789,trailing
backup,8478,20230201,20230314,337.0,357.5,41,6.083086053412463,5.640586053412463,4683,trailing
backup,5284,20230201,20230315,77.5,94.6,42,22.06451612903225,21.62201612903225,18006,hold_period
main,8358,20230201,20230315,59.9,60.0,42,0.16694490818030286,-0.2755550918196972,-230,hold_period
main,2453,20230315,20230316,59.3,54.4,1,-8.263069139966271,-7.4425,-6201,stop_loss
main,2303,20230208,20230322,50.1,53.5,42,6.78642714570858,6.34392714570858,5284,hold_period
main,3006,20230208,20230322,80.4,79.8,42,-0.7462686567164285,-1.1887686567164284,-991,hold_period
main,3035,20230214,20230328,192.0,195.5,42,1.8229166666666667,1.3804166666666666,1149,hold_period
main,2388,20230315,20230329,89.6,83.3,14,-7.031249999999997,-7.4425,-6197,stop_loss
main,3362,20230329,20230420,103.5,96.0,22,-7.246376811594203,-7.4425,-6202,stop_loss
main,6719,20230322,20230425,309.5,316.5,34,2.2617124394184165,1.8192124394184166,1511,trailing
main,3680,20230329,20230425,360.0,331.5,27,-7.916666666666666,-7.4425,-6198,stop_loss
main,2457,20230315,20230426,56.6,71.9,42,27.03180212014135,26.58930212014135,22154,hold_period
main,5439,20230329,20230510,65.7,73.4,42,11.719939117199395,11.277439117199394,9394,hold_period
main,1760,20230425,20230511,160.0,147.5,16,-7.8125,-7.4425,-6201,stop_loss
main,4967,20230426,20230511,68.6,59.6,15,-13.119533527696783,-7.4425,-6202,stop_loss
main,4977,20230426,20230511,108.0,98.5,15,-8.796296296296296,-7.4425,-6198,stop_loss
backup,1752,20230420,20230515,73.0,67.1,25,-8.082191780821926,-7.4425,-6197,stop_loss
backup,2368,20230410,20230522,97.3,113.5,42,16.64953751284687,16.20703751284687,13502,hold_period
main,3224,20230511,20230609,53.6,49.6,29,-7.462686567164178,-7.4425,-6200,stop_loss
main,2204,20230510,20230621,79.0,92.7,42,17.341772151898738,16.89927215189874,14078,hold_period
main,6438,20230511,20230626,113.5,111.0,46,-2.2026431718061676,-2.6451431718061675,-2204,hold_period
main,2421,20230517,20230628,65.0,89.3,42,37.38461538461538,36.94211538461538,30780,hold_period
main,3037,20230517,20230628,160.0,173.0,42,8.125,7.6825,6401,hold_period
main,8046,20230522,20230703,281.5,270.0,42,-4.085257548845471,-4.527757548845471,-3765,hold_period
main,2634,20230703,20230713,61.4,56.1,10,-8.63192182410423,-7.4425,-6201,stop_loss
main,2455,20230621,20230717,123.0,112.5,26,-8.536585365853659,-7.4425,-6197,stop_loss
main,1514,20230609,20230719,57.1,58.5,40,2.451838879159367,2.009338879159367,1674,trailing
main,3704,20230713,20230720,54.1,59.1,7,9.242144177449168,8.799644177449167,7332,trailing
backup,2059,20230628,20230731,557.0,907.0,33,62.83662477558348,62.39412477558348,51857,trailing
main,1560,20230628,20230801,124.0,136.0,34,9.67741935483871,9.23491935483871,7695,trailing
main,6274,20230726,20230801,116.5,122.5,6,5.150214592274678,4.707714592274678,3922,trailing
backup,4551,20230717,20230802,146.5,135.5,16,-7.508532423208192,-7.4425,-6202,stop_loss
main,3483,20230726,20230802,145.0,131.5,7,-9.310344827586208,-7.4425,-6192,stop_loss
main,3078,20230626,20230807,79.6,83.3,42,4.648241206030155,4.205741206030155,3503,hold_period
main,2031,20230809,20230816,51.0,47.05,7,-7.7450980392156925,-7.4425,-6200,stop_loss
main,3056,20230809,20230818,51.0,30.7,9,-39.80392156862745,-7.4425,-6200,stop_loss
backup,2645,20230830,20230915,123.0,113.0,16,-8.130081300813007,-7.4425,-6197,stop_loss
backup,6829,20230830,20230915,138.0,122.5,16,-11.231884057971014,-7.4425,-6202,stop_loss
main,3029,20230816,20230927,61.3,61.5,42,0.3262642740619949,-0.11623572593800513,-97,hold_period
main,8081,20230823,20231004,229.5,276.0,42,20.26143790849673,19.818937908496732,16489,hold_period
main,6191,20230830,20231006,54.9,57.8,37,5.282331511839706,4.839831511839706,4031,trailing
main,3032,20231004,20231016,73.3,66.8,12,-8.867667121418828,-7.4425,-6201,stop_loss
main,2436,20230906,20231018,71.5,68.3,42,-4.475524475524479,-4.918024475524479,-4095,hold_period
main,2492,20230915,20231027,106.0,103.0,42,-2.8301886792452833,-3.272688679245283,-2727,hold_period
main,6271,20231018,20231031,147.0,134.0,13,-8.843537414965986,-7.4425,-6201,stop_loss
backup,8227,20231018,20231031,214.0,190.5,13,-10.981308411214954,-7.4425,-6188,stop_loss
main,3592,20230920,20231101,358.5,368.0,42,2.6499302649930265,2.2074302649930266,1839,hold_period
main,2404,20230927,20231108,229.5,243.0,42,5.88235294117647,5.43985294117647,4526,hold_period
backup,4961,20231013,20231110,269.0,247.0,28,-8.178438661710038,-7.4425,-6195,stop_loss
main,3661,20231115,20231227,3105.0,3305.0,42,6.44122383252818,5.99872383252818,4850,hold_period
main,8163,20231115,20231227,50.6,52.2,42,3.162055335968382,2.719555335968382,2266,hold_period
main,3105,20231122,20240103,151.5,148.0,42,-2.31023102310231,-2.75273102310231,-2293,hold_period
main,6568,20231122,20240103,162.0,158.5,42,-2.1604938271604937,-2.6029938271604935,-2166,hold_period
backup,6856,20231122,20240103,70.8,66.8,42,-5.649717514124294,-6.092217514124294,-5075,hold_period
main,8054,20231122,20240103,71.9,131.0,42,82.19749652294853,81.75499652294853,68108,hold_period
main,2439,20231227,20240108,115.5,106.0,12,-8.225108225108226,-7.4425,-6198,stop_loss
main,2476,20231227,20240215,71.9,74.1,50,3.059805285118204,2.617305285118204,2180,hold_period
main,2603,20240103,20240215,153.0,149.0,43,-2.6143790849673203,-3.05687908496732,-2543,hold_period
main,5483,20240103,20240215,193.0,184.0,43,-4.66321243523316,-5.10571243523316,-4253,hold_period
backup,6805,20240117,20240219,490.0,650.0,33,32.6530612244898,32.210561224489794,26712,trailing
main,6667,20240110,20240221,102.0,146.0,42,43.13725490196079,42.694754901960785,35543,hold_period
main,3017,20240117,20240229,343.5,532.0,43,54.87627365356623,54.43377365356623,45314,hold_period
backup,3694,20240215,20240229,55.0,51.0,14,-7.2727272727272725,-7.4425,-6198,stop_loss
main,2465,20240219,20240308,94.4,133.5,18,41.419491525423716,40.97699152542371,34128,trailing
main,3036,20240216,20240313,163.0,149.5,26,-8.282208588957054,-7.4425,-6196,stop_loss
main,3081,20240221,20240315,131.5,142.5,23,8.365019011406844,7.922519011406844,6594,trailing
backup,1319,20240215,20240328,86.3,125.0,42,44.84356894553883,44.401068945538825,36991,hold_period
main,4968,20240229,20240328,223.5,204.5,28,-8.501118568232663,-7.4425,-6197,stop_loss
main,2387,20240229,20240411,61.9,62.1,42,0.32310177705977844,-0.11939822294022157,-99,hold_period
main,3163,20240315,20240416,101.5,92.3,32,-9.064039408866996,-7.4425,-6196,stop_loss
main,3083,20240328,20240416,51.8,48.1,19,-7.142857142857135,-7.4425,-6200,stop_loss
main,2606,20240308,20240419,54.3,55.3,42,1.841620626151013,1.3991206261510132,1166,hold_period
main,6189,20240411,20240422,91.0,80.7,11,-11.318681318681316,-7.4425,-6199,stop_loss
main,3147,20240313,20240424,125.5,140.0,42,11.553784860557768,11.111284860557767,9258,hold_period
main,2317,20240328,20240509,145.5,170.5,42,17.18213058419244,16.73963058419244,13927,hold_period
backup,2739,20240508,20240513,73.4,64.6,5,-11.989100817438707,-7.4425,-6198,stop_loss
main,6213,20240416,20240528,107.5,117.5,42,9.30232558139535,8.859825581395349,7382,hold_period
main,2206,20240508,20240531,81.4,75.7,23,-7.002457002457005,-7.4425,-6200,stop_loss
main,2609,20240515,20240531,60.6,71.5,16,17.986798679867984,17.544298679867985,14618,trailing
main,8271,20240424,20240605,64.1,67.4,42,5.1482059282371475,4.705705928237148,3921,hold_period
main,3338,20240502,20240613,70.5,85.3,42,20.992907801418436,20.550407801418437,17120,hold_period
backup,2351,20240613,20240614,149.0,135.5,1,-9.060402684563758,-7.4425,-6197,stop_loss
main,3605,20240531,20240618,50.5,45.8,18,-9.306930693069312,-7.4425,-6199,stop_loss
main,4760,20240605,20240618,137.0,126.0,13,-8.02919708029197,-7.4425,-6198,stop_loss
backup,1736,20240515,20240626,91.2,85.1,42,-6.68859649122808,-7.13109649122808,-5940,hold_period
main,2316,20240626,20240701,57.7,53.6,5,-7.105719237435011,-7.4425,-6201,stop_loss
main,5347,20240528,20240704,98.2,120.5,37,22.708757637474537,22.26625763747454,18546,trailing
main,3491,20240605,20240717,287.0,310.0,42,8.013937282229964,7.571437282229964,6289,hold_period
main,3374,20240619,20240719,168.0,207.5,30,23.511904761904763,23.069404761904764,19212,trailing
main,6278,20240704,20240722,120.0,123.5,18,2.9166666666666665,2.4741666666666666,2060,trailing
backup,3665,20240614,20240726,288.0,382.0,42,32.63888888888889,32.19638888888889,26743,hold_period
main,3689,20240719,20240726,80.8,74.4,7,-7.920792079207911,-7.4425,-6197,stop_loss
main,6143,20240618,20240729,126.0,115.0,41,-8.73015873015873,-7.4425,-6198,stop_loss
main,2464,20240717,20240729,89.1,78.0,12,-12.457912457912453,-7.4425,-6196,stop_loss
backup,8147,20240726,20240729,137.5,127.0,3,-7.636363636363637,-7.4425,-6200,stop_loss
main,3022,20240726,20240730,89.4,83.0,4,-7.158836689038036,-7.4425,-6197,stop_loss
main,2520,20240731,20240802,60.5,56.2,2,-7.107438016528921,-7.4425,-6200,stop_loss
main,2548,20240701,20240805,139.5,148.0,35,6.093189964157706,5.650689964157706,4705,trailing
main,6177,20240731,20240805,67.2,60.1,5,-10.565476190476192,-7.4425,-6201,stop_loss
main,8103,20240814,20240830,65.5,67.5,16,3.0534351145038165,2.6109351145038167,2175,trailing
main,8390,20240722,20240902,69.9,71.7,42,2.5751072961373347,2.132607296137335,1776,hold_period
main,6706,20240807,20240904,99.0,124.0,28,25.252525252525253,24.810025252525254,20661,trailing
main,1609,20240821,20240904,54.1,49.35,14,-8.78003696857671,-7.4425,-6201,stop_loss
main,4974,20240911,20240919,96.3,108.5,8,12.668743509865008,12.226243509865007,10187,trailing
backup,4542,20240911,20240926,76.6,89.9,15,17.362924281984352,16.920424281984353,14096,trailing
main,3019,20240821,20241004,121.0,113.0,44,-6.6115702479338845,-7.054070247933884,-5872,hold_period
main,1582,20240925,20241004,108.5,100.5,9,-7.373271889400922,-7.4425,-6194,stop_loss
main,3003,20240904,20241009,89.4,81.8,35,-8.501118568232672,-7.4425,-6197,stop_loss
main,6215,20240904,20241011,65.7,60.4,37,-8.066971080669717,-7.4425,-6199,stop_loss
main,6187,20241004,20241014,470.0,477.5,10,1.5957446808510638,1.153244680851064,961,trailing
backup,5234,20240919,20241015,205.5,215.0,26,4.622871046228711,4.180371046228711,3476,trailing
main,3167,20241004,20241016,140.5,147.5,12,4.98220640569395,4.53970640569395,3781,trailing
main,5443,20241009,20241024,138.0,124.0,15,-10.144927536231885,-7.4425,-6202,stop_loss
main,2497,20241023,20241114,74.0,68.7,22,-7.162162162162159,-7.4425,-6199,stop_loss
main,6844,20241023,20241114,169.5,155.0,22,-8.55457227138643,-7.4425,-6190,stop_loss
main,5263,20241030,20241114,179.5,155.5,15,-13.370473537604457,-7.4425,-6194,stop_loss
main,8028,20241009,20241118,122.5,123.5,40,0.8163265306122449,0.3738265306122449,311,trailing
main,8064,20241030,20241118,63.5,57.1,19,-10.078740157480311,-7.4425,-6200,stop_loss
main,3447,20241114,20241121,90.0,81.0,7,-10.0,-7.4425,-6198,stop_loss
backup,6510,20241023,20241204,561.0,833.0,42,48.484848484848484,48.04234848484848,39945,hold_period
main,3211,20241120,20241210,150.0,202.5,20,35.0,34.5575,28758,trailing
main,3712,20241127,20241210,69.7,64.8,13,-7.030129124820668,-7.4425,-6197,stop_loss
main,6830,20241120,20241213,171.0,157.0,23,-8.187134502923977,-7.4425,-6194,stop_loss
main,3596,20241120,20250103,164.0,174.0,44,6.097560975609756,5.655060975609756,4709,hold_period
main,3088,20241204,20250117,105.5,122.5,44,16.113744075829384,15.671244075829383,13047,hold_period
main,8299,20250103,20250117,502.0,465.5,14,-7.270916334661355,-7.4425,-6173,stop_loss
backup,2383,20241211,20250122,533.0,614.0,42,15.196998123827393,14.754498123827393,12286,hold_period
main,1785,20241218,20250207,62.4,60.3,51,-3.365384615384618,-3.807884615384618,-3172,hold_period
main,6689,20241218,20250207,109.0,125.5,51,15.137614678899084,14.695114678899083,12239,hold_period
backup,6811,20241218,20250207,268.5,289.0,51,7.635009310986965,7.192509310986965,5976,hold_period
main,4772,20250122,20250214,245.5,208.5,23,-15.071283095723015,-7.4425,-6185,stop_loss
backup,6757,20250117,20250303,86.8,83.0,45,-4.3778801843317945,-4.820380184331794,-4014,hold_period
main,1786,20250122,20250305,120.5,125.5,42,4.149377593360995,3.7068775933609954,3086,hold_period
main,3376,20250221,20250307,283.0,260.0,14,-8.12720848056537,-7.4425,-6201,stop_loss
main,5388,20250214,20250328,130.5,123.0,42,-5.747126436781609,-6.189626436781609,-5153,hold_period
main,8111,20250326,20250328,60.3,56.0,2,-7.131011608623544,-7.4425,-6202,stop_loss
main,3563,20250312,20250331,535.0,470.5,19,-12.05607476635514,-7.4425,-6180,stop_loss
main,2429,20250326,20250401,64.4,56.6,6,-12.11180124223603,-7.4425,-6201,stop_loss
main,4931,20250319,20250407,87.3,76.5,19,-12.371134020618554,-7.4425,-6201,stop_loss
backup,3162,20250402,20250407,52.7,47.45,5,-9.962049335863377,-7.4425,-6202,stop_loss
backup,6227,20250402,20250407,103.0,92.7,5,-9.999999999999998,-7.4425,-6195,stop_loss
main,2615,20250528,20250605,112.5,104.0,8,-7.555555555555555,-7.4425,-6196,stop_loss
backup,6597,20250604,20250611,75.5,70.1,7,-7.152317880794709,-7.4425,-6201,stop_loss
backup,2745,20250514,20250625,122.0,121.5,42,-0.4098360655737705,-0.8523360655737705,-710,hold_period
backup,6669,20250514,20250625,2200.0,2710.0,42,23.18181818181818,22.73931818181818,18536,hold_period
main,2408,20250625,20250701,55.0,49.5,6,-10.0,-7.4425,-6198,stop_loss
main,3090,20250521,20250702,75.6,79.4,42,5.026455026455042,4.583955026455042,3817,hold_period
main,4749,20250618,20250704,657.0,596.0,16,-9.28462709284627,-7.4425,-6170,stop_loss
main,6558,20250702,20250707,55.1,49.75,5,-9.709618874773142,-7.4425,-6201,stop_loss
main,6919,20250702,20250707,1335.0,1240.0,5,-7.116104868913857,-7.4425,-6169,stop_loss
main,5469,20250604,20250716,60.6,62.4,42,2.970297029702966,2.527797029702966,2106,hold_period
main,4991,20250618,20250722,90.3,142.5,34,57.80730897009967,57.364808970099666,47776,trailing
main,3131,20250716,20250729,1605.0,1450.0,13,-9.657320872274143,-7.4425,-6101,stop_loss
main,8033,20250625,20250806,60.6,111.0,42,83.16831683168317,82.72581683168318,68929,hold_period
main,6877,20250806,20250825,94.0,87.4,19,-7.021276595744674,-7.4425,-6200,stop_loss
main,6197,20250716,20250827,138.5,179.5,42,29.602888086642597,29.160388086642598,24267,hold_period
backup,2228,20250820,20250902,106.5,111.5,13,4.694835680751173,4.252335680751173,3542,trailing
main,2493,20250827,20250904,152.5,132.5,8,-13.114754098360656,-7.4425,-6194,stop_loss
main,2630,20250825,20250911,59.5,64.5,17,8.403361344537815,7.960861344537816,6631,trailing
backup,6442,20250806,20250915,599.0,864.0,40,44.24040066777963,43.79790066777963,36256,trailing
main,3030,20250902,20250915,200.0,183.5,13,-8.25,-7.4425,-6201,stop_loss
backup,6584,20250904,20250916,250.0,232.0,12,-7.199999999999999,-7.4425,-6186,stop_loss
main,7747,20250806,20250917,140.0,137.5,42,-1.7857142857142856,-2.2282142857142855,-1856,hold_period
main,2402,20250820,20250925,56.5,51.9,36,-8.141592920353984,-7.4425,-6199,stop_loss
main,6449,20250915,20250925,174.0,185.5,10,6.609195402298851,6.166695402298851,5136,trailing
main,4971,20250911,20250926,159.0,147.0,15,-7.547169811320755,-7.4425,-6198,stop_loss
backup,3533,20250917,20251013,1580.0,1460.0,26,-7.59493670886076,-7.4425,-6123,stop_loss
main,2236,20250925,20251014,108.5,99.2,19,-8.57142857142857,-7.4425,-6194,stop_loss
main,3709,20251015,20251028,53.2,49.4,13,-7.142857142857151,-7.4425,-6201,stop_loss
main,2481,20250917,20251029,72.4,85.1,42,17.54143646408838,17.098936464088382,14244,trailing
main,8039,20250917,20251029,62.4,61.4,42,-1.6025641025641029,-2.045064102564103,-1703,hold_period
backup,3189,20251022,20251104,146.5,134.5,13,-8.19112627986348,-7.4425,-6202,stop_loss
main,8422,20251029,20251117,238.0,24.7,19,-89.6218487394958,-7.4425,-6191,stop_loss
backup,5340,20251126,20251216,56.8,60.9,20,7.218309859154933,6.775809859154933,5646,trailing
main,8043,20251126,20251216,75.2,81.6,20,8.51063829787233,8.068138297872329,6720,trailing
backup,3551,20251217,20251219,208.5,191.0,2,-8.393285371702639,-7.4425,-6200,stop_loss
main,6691,20251219,20260102,603.0,554.0,14,-8.12603648424544,-7.4425,-6202,stop_loss
backup,3135,20251203,20260114,58.5,113.0,42,93.16239316239316,92.71989316239316,77241,hold_period
main,2612,20251210,20260121,61.6,61.4,42,-0.3246753246753293,-0.7671753246753292,-639,hold_period
backup,6944,20251217,20260128,636.0,729.0,42,14.622641509433961,14.18014150943396,11741,hold_period
main,2375,20260128,20260130,99.0,91.0,2,-8.080808080808081,-7.4425,-6198,stop_loss
main,6173,20260128,20260130,75.1,68.7,2,-8.521970705725689,-7.4425,-6202,stop_loss
main,8131,20260107,20260202,66.7,71.1,26,6.596701649175399,6.154201649175399,5126,trailing
main,2327,20260128,20260202,285.5,258.0,5,-9.632224168126093,-7.4425,-6192,stop_loss
backup,6548,20260130,20260203,58.0,53.2,4,-8.275862068965512,-7.4425,-6199,stop_loss
main,4953,20260128,20260204,128.0,119.0,7,-7.03125,-7.4425,-6201,stop_loss
main,8436,20260202,20260206,152.5,141.5,4,-7.213114754098362,-7.4425,-6194,stop_loss
backup,6291,20260204,20260206,236.5,213.0,2,-9.936575052854122,-7.4425,-6187,stop_loss
main,6239,20260121,20260306,239.5,225.0,44,-6.05427974947808,-6.49677974947808,-5407,hold_period
main,6217,20260130,20260306,59.5,111.0,open,86.5546218487395,86.1121218487395,71731,data_end
backup,4987,20260204,20260306,80.3,80.8,open,0.6226650062266501,0.1801650062266501,150,data_end
main,6651,20260223,20260306,98.0,101.0,open,3.061224489795918,2.6187244897959183,2182,data_end
backup,4577,20260306,20260306,93.5,93.5,open,0.0,-0.4425,-368,data_end
main,4989,20260306,20260306,68.2,68.2,open,0.0,-0.4425,-369,data_end
main,6823,20260306,20260306,60.7,60.7,open,0.0,-0.4425,-369,data_end
